,ID,version,HIP,TYC,UCAC,TWOMASS,SDSS,ALLWISE,GAIA,APASS,KIC,objType,typeSrc,ra,dec,POSflag,pmRA,e_pmRA,pmDEC,e_pmDEC,PMflag,plx,e_plx,PARflag,gallong,gallat,eclong,eclat,Bmag,e_Bmag,Vmag,e_Vmag,umag,e_umag,gmag,e_gmag,rmag,e_rmag,imag,e_imag,zmag,e_zmag,Jmag,e_Jmag,Hmag,e_Hmag,Kmag,e_Kmag,TWOMflag,prox,w1mag,e_w1mag,w2mag,e_w2mag,w3mag,e_w3mag,w4mag,e_w4mag,GAIAmag,e_GAIAmag,Tmag,e_Tmag,TESSflag,SPFlag,Teff,e_Teff,logg,e_logg,MH,e_MH,rad,e_rad,mass,e_mass,rho,e_rho,lumclass,lum,e_lum,d,e_d,ebv,e_ebv,numcont,contratio,disposition,duplicate_id,priority,eneg_EBV,epos_EBV,EBVflag,eneg_Mass,epos_Mass,eneg_Rad,epos_Rad,eneg_rho,epos_rho,eneg_logg,epos_logg,eneg_lum,epos_lum,eneg_dist,epos_dist,distflag,eneg_Teff,epos_Teff,TeffFlag,gaiabp,e_gaiabp,gaiarp,e_gaiarp,gaiaqflag,starchareFlag,VmagFlag,BmagFlag,splists,e_RA,e_Dec,RA_orig,Dec_orig,e_RA_orig,e_Dec_orig,raddflag,wdflag,objID
0,123499516,20190415,92455.0,3127-00067-1,665-070126,18503103+4254437,,J185031.03+425444.0,2105159257858400640,52393642,7339102,STAR,tmgaia2,282.629338174001,42.9121456804191,tmgaia2,5.84112,0.0485072,22.1663,0.0494539,gaia2,2.78844,0.0270906,gaia2,72.4734624905816,18.2453468998922,292.590987296349,65.3639768856414,8.568,0.018,7.31,0.03,,,,,,,,,,,5.099,0.037,4.812,0.258,4.375,0.024,EDA-131-111-000-0-0,,4.377,0.266,4.162,0.141,4.366,0.015,4.286,0.026,6.92801,0.000254,6.233,0.0067,rered,gaia2,4548.0,122.0,,,,,23.8475,,,,,,GIANT,,,354.985,3.4395,0.0360706,0.00551624,,,,,,0.00388307,0.00714941,panstarrs,,,,,,,,,,,3.407,3.472,bj2018,,,dered,7.58695,0.001345,6.19583,0.003309,1,,hipvmag,tycho2b3,,0.808185722652178,0.766982077372134,282.629372512225,42.9122411186611,0.0233947254358527,0.0261708024976472,0,0,221291921
1,164463140,20190415,92713.0,3127-01282-1,665-070450,18532851+4254092,,J185328.63+425409.5,2104983267278926336,,7340766,STAR,tmgaia2,283.368862993201,42.902613321208,tmgaia2,26.6411,0.0660176,-2.99668,0.0902334,gaia2,2.48611,0.0421699,gaia2,72.6649553980525,17.7351285217724,293.852390301192,65.2386777222089,8.217,0.014,6.61019,0.023,,,,,,,,,,,3.858,0.268,2.97,0.242,2.593,0.344,DDD-333-111-000-0-0,,1.431,,0.901,,2.621,0.01,2.433,0.017,5.92886,0.00166341,5.0333,0.0068,rered,gaia2,3960.0,122.0,,,,,65.3639,,,,,,GIANT,,,397.769,6.725,0.0382665,0.00595964,,,,,,0.00716168,0.0047576,panstarrs,,,,,,,,,,,6.614,6.836,bj2018,,,dered,6.89441,0.003713,4.98898,0.002025,1,,sirful,tycho2b3,,1.09986949885309,1.39969260253613,283.369019584163,42.9026004189426,0.0310237631988662,0.0548444239741991,0,0,224698045
2,122293849,20190415,95056.0,3138-01210-1,650-069451,19202710+3955343,,J192027.12+395534.0,2101141023898417920,,4830109,STAR,tmgaia2,290.112943223461,39.92619727682,tmgaia2,12.3165,0.0391113,-4.1359,0.0437163,gaia2,3.82415,0.0266786,gaia2,71.9007143220284,11.9160316330959,303.0439307181,61.0783261490518,7.611,0.021,6.81608,0.023,,,,,,,,,,,5.292,0.02,4.915,0.033,4.83,0.018,AAA-111-111-000-0-0,,4.885,0.18,4.634,0.106,4.825,0.015,4.765,0.029,6.5869,0.000206,6.06719,0.0062,rered,gaia2,5305.0,122.0,,,,,13.32,,,,,,GIANT,,,259.55,1.811,0.015772,0.004464455,,,,,,0.00472299,0.00420592,panstarrs,,,,,,,,,,,1.799,1.823,bj2018,,,dered,7.02853,0.001705,6.02539,0.003136,1,,sirful,tycho2b3,,0.645243452760188,0.678125272072066,290.113012373711,39.9261794694932,0.0184283234562332,0.0266182894978454,0,0,272768282
3,122304707,20190415,95064.0,3134-00858-1,643-068888,19203225+3825313,,J192032.27+382531.4,2052869611580098688,,3337423,STAR,tmgaia2,290.134356987233,38.4253904525098,tmgaia2,11.8638,0.05628,3.90023,0.0650952,gaia2,1.81976,0.033599,gaia2,70.5273907934624,11.250640267931,302.236192631755,59.6315493391578,9.699,0.023,8.38,0.03,,,,,,,,,,,6.063,0.024,5.359,0.018,5.224,0.024,AAA-111-111-000-0-0,,5.191,0.159,5.118,0.066,5.182,0.015,5.089,0.03,7.94027,0.000434,7.20014,0.0061,rered,gaia2,4411.0,122.0,,,,,25.1609,,,,,,GIANT,,,541.179,9.919,0.0431275,0.00741988,,,,,,0.00550351,0.00933625,panstarrs,,,,,,,,,,,9.741,10.097,bj2018,,,dered,8.65703,0.001789,7.15931,0.002197,1,,hipvmag,tycho2b3,,0.92416635400551,1.00959239097273,290.134422189006,38.4254072451849,0.0262995976065316,0.035285046615696,0,0,272772390
4,271545295,20190415,96825.0,3556-03772-1,678-074576,19405016+4531295,,J194050.25+453131.0,2079990268465009024,,9163520,STAR,tmgaia2,295.209097746129,45.5249390778448,tmgaia2,84.3605,0.39983,120.24,0.353642,gaia2,19.7308,0.162134,gaia2,78.7160590966663,11.0702563360323,315.064367425109,65.0687969823404,5.452,0.183804,5.066,0.028,,,,,,,,,,,4.419,0.254,4.219,0.218,4.142,0.278,DDD-333-111-000-0-0,,4.099,0.304,3.816,0.176,4.113,0.014,4.064,0.021,4.967,0.00395153,4.6882,0.0077,gbprp,spect,6970.42,123.667,3.66474,0.0872574,,,3.01307,0.122598,1.53,0.26792,0.0559323,0.0128308,DWARF,19.3085613,0.8272085,50.6145,0.4185,0.0,0.0,551.0,0.00208524056,,,0.00239651953,0.0,0.0,,0.184487,0.351354,0.106771,0.138425,0.0110132,0.0146483,0.0800963,0.0944185,0.997947,0.65647,0.4151,0.4219,bj2018,146.102,101.232,spect,5.19826,0.003259,4.6692,0.008324,1,,mermil,mermil,,6.72247731521297,5.48347502168295,295.209616186712,45.5254567790184,0.149215707490872,0.148973984372418,1,0,322510543
5,184089997,20190415,,3140-02922-1,650-075437,19423656+3959528,,J194236.55+395952.4,2076372669064227200,50887662,4850372,STAR,tmgaia2,295.652355632613,39.9979897758127,tmgaia2,-6.52909,0.0552784,-40.7382,0.0511552,gaia2,6.95127,0.0328119,gaia2,73.931736870762,8.17062573450148,311.269404788425,59.8155039673168,8.66,0.029,8.26,0.002,,,,,,,,,,,7.36,0.019,7.156,0.02,7.111,0.015,AAA-111-111-000-0-0,,7.036,0.048,7.1,0.02,7.108,0.017,7.014,0.07,8.15885,0.000313,7.83395,0.0061,rered,gaia2,6547.0,134.001,3.85505,0.0841747,,,2.27593,0.0979524,1.353,0.215942,0.114768,0.0256718,DWARF,8.573957,0.3820555,143.267,0.6785,0.0198796,0.009743005,1056.0,0.009448849,,,0.000230595586,0.0101622,0.00932381,panstarrs,0.203689,0.228195,0.0851618,0.110743,0.0204072,0.0309363,0.0854299,0.0829195,0.471175,0.292936,0.675,0.682,bj2018,108.161,159.841,dered,8.40947,0.001219,7.79315,0.001027,1,,tycho2v3,tycho2b3,,0.912165519632622,0.793475490566002,295.652318936919,39.9978143752337,0.025913028889071,0.0300676506830446,1,0,326675728
6,269270680,20190415,98383.0,3558-02565-1,679-075677,19592041+4546210,,J195920.50+454621.0,2085224321778525696,,9305008,STAR,tmgaia2,299.835106621554,45.7725186383081,tmgaia2,8.0,1.1,-13.7,1.1,tycho2,7.2,0.4,hip,80.5326009344671,8.36639209469282,322.10491963318,63.912736899659,6.094,0.022,5.93436,0.023,,,,,,,,,,,5.517,0.02,5.413,0.044,5.424,0.016,AAA-111-111-000-0-0,,5.474,0.147,5.305,0.064,5.459,0.014,5.431,0.033,5.89223,0.00132271,5.7743,0.0061,gbprp,hplx,,,,,,,,,,,,,DWARF,,,138.889,,,,,,,,,,,,,,,,,,,,,,,,hip,,,,5.98957,0.003069,5.74399,0.003258,0,,sirful,tycho2b3,,18.5099233860333,17.0546842211671,299.835156003642,45.7724596522071,0.327037140319129,0.399692236257112,1,0,366509567
7,123362819,20190415,92116.0,3130-01267-1,668-070399,18462811+4333390,,J184628.10+433338.9,2117257184298759424,,7800227,STAR,tmgaia2,281.617093656253,43.5608272006651,tmgaia2,-2.45115,0.0416358,0.182578,0.0443057,gaia2,2.28028,0.0219693,gaia2,72.8502956870469,19.16033242508,291.15379439717,66.149114951115,8.7,0.016,7.19,0.03,,,,,,,,,,,4.893,0.218,3.974,0.238,3.719,0.36,DDD-333-111-000-0-0,,3.513,0.448,3.286,0.345,3.495,0.013,3.393,0.025,6.60027,0.000334,5.7636,0.0062,rered,gaia2,4024.0,122.0,,,,,48.3778,,,,,,GIANT,,,433.094,4.1525,0.0194511,0.002966165,,,,,,0.00401269,0.00191964,panstarrs,,,,,,,,,,,4.114,4.191,bj2018,,,dered,7.47923,0.002426,5.72552,0.002505,1,,hipvmag,tycho2b3,,0.695222419598495,0.687072053472354,281.617079092447,43.5608279867657,0.0188550943222342,0.021411335829279,0,0,216697915
8,120319183,20190415,93222.0,3127-02167-1,659-068740,18592144+4138130,,J185921.51+413812.4,2104055760501638016,51713647,6267345,STAR,tmgaia2,284.839352064785,41.6369228095301,tmgaia2,-4.42089,0.0548119,-12.0359,0.0578851,gaia2,1.67341,0.0368579,gaia2,71.8503770546794,16.2589732645624,295.653656788745,63.7605110133776,9.402,0.019,7.83389,0.023,,,,,,,,,,,4.077,0.248,3.183,0.202,2.799,0.292,DCD-333-111-000-0-0,,1.838,,1.723,,2.86,0.011,2.676,0.02,6.78427,0.001463,5.7103,0.0065,rered,gaia2,3603.0,122.0,,,,,90.3396,,,,,,GIANT,,,587.767,12.8365,0.0496377,0.004955575,,,,,,0.0051407,0.00477045,panstarrs,,,,,,,,,,,12.561,13.112,bj2018,,,dered,8.11153,0.006005,5.66863,0.004061,1,,sirful,tycho2b3,,0.90929696822578,0.897914077375194,284.839326596295,41.6368709882964,0.0259337216005061,0.0353223253147829,0,0,232355687
9,120422800,20190415,93309.0,3124-00983-1,654-068066,19001907+4041023,,J190019.08+404102.4,2103815448491466496,,5429948,STAR,tmgaia2,285.079423379764,40.6839975920158,tmgaia2,2.05262,0.263086,-14.731,0.271431,gaia2,3.44278,0.148566,gaia2,71.0045486724981,15.7301707497951,295.561023546312,62.791492427004,8.069,0.016,6.60577,0.023,,,,,,,,,,,2.258,0.266,1.39,0.204,1.221,0.208,DCC-333-111-000-0-0,,-1.389,,-0.581,,1.112,0.011,0.964,0.014,5.25913,0.00358063,4.1091,0.0073,rered,gaia2,3398.0,122.0,,,,,107.419,,,,,,GIANT,,,288.92,12.5315,0.0362582,0.00614635,,,,,,0.00740416,0.00488854,panstarrs,,,,,,,,,,,11.998,13.065,bj2018,,,dered,6.82238,0.006035,4.0976,0.006285,1,,sirful,tycho2b3,,4.3507051863177,4.20941427296929,285.079435034093,40.683934166877,0.119418915563517,0.137115870333613,0,0,233397685
10,120421430,20190415,93327.0,3128-02252-1,659-068901,19003193+4141033,,J190031.95+414103.3,2104067683330612992,,6267965,STAR,tmgaia2,285.133078775327,41.6842463801776,tmgaia2,17.0167,0.0544688,7.24171,0.0551486,gaia2,12.0482,0.0305459,gaia2,71.9822628348868,16.0736390164545,296.161231458568,63.7554877309792,8.082,0.026,7.72,0.03,,,,,,,,,,,6.947,0.024,6.773,0.016,6.765,0.02,AAA-111-111-000-0-0,,6.743,0.081,6.699,0.023,6.717,0.015,6.421,0.059,7.61039,0.000307,7.3314,0.006,gbprp,spect,6973.56,116.37,4.29535,0.0877474,,,1.45782,0.0568794,1.53,0.270725,0.493828,0.112206,DWARF,4.52817869,0.1771385,82.8018,0.211,0.0,0.0,308.0,0.006624007,,,0.00545634469,0.0,0.0,,0.188323,0.353126,0.0396719,0.0740869,0.0850052,0.139407,0.0687357,0.106759,0.105173,0.249104,0.2105,0.2115,bj2018,131.855,100.886,spect,7.82792,0.001571,7.29839,0.001861,1,,hipvmag,tycho2b3,,0.903729382851068,0.855267478078796,285.133176879614,41.6842775598043,0.0251365158711742,0.0281740548798597,1,0,233945909
11,399911452,20190415,93977.0,3550-01252-1,696-064872,19080483+4904545,,J190804.82+490454.9,2131298291383139712,,11288450,STAR,tmgaia2,287.02023017913,49.0818494599054,tmgaia2,-22.8416,0.0578704,1.9049,0.0731796,gaia2,3.40427,0.0279883,gaia2,79.6718692485003,17.5938905020361,304.977295721285,70.4614473804032,9.458,0.022,8.16,0.03,,,,,,,,,,,6.115,0.019,5.561,0.024,5.418,0.017,AAA-111-111-000-0-0,,5.342,0.186,5.274,0.065,5.358,0.015,5.313,0.032,7.84812,0.000328,7.1744,0.0065,rered,gaia2,4579.0,122.0,,,,,12.2541,,,,,,GIANT,,,291.299,2.393,0.0162757,0.00430388,,,,,,0.00383449,0.00477327,panstarrs,,,,,,,,,,,2.374,2.412,bj2018,,,dered,8.4768,0.001623,7.13103,0.00223,1,,hipvmag,tycho2b3,,0.986381640829862,1.13502764955485,287.02008002837,49.0818576616556,0.0248776044833551,0.0410855973738711,0,0,247510798
12,270858200,20190415,96459.0,3147-01921-1,674-073844,19363801+4441418,,J193637.91+444140.8,2078403295235690112,,8566020,STAR,tmgaia2,294.158234598179,44.6949333547672,tmgaia2,-94.6452,0.144007,-104.758,0.149115,gaia2,24.2248,0.0816375,gaia2,77.6170467838879,11.3472303967708,312.696430389105,64.5944729977812,6.107,0.018,5.1728,0.023,,,,,,,,,,,3.654,0.26,3.155,0.254,2.999,0.332,DDD-333-111-000-0-0,,2.216,,2.791,0.474,3.01,0.011,2.936,0.019,4.92711,0.00332342,4.367,0.0069,gbprp,spect,5005.0,25.0,,,0.15,0.1,5.13868,,,,,,GIANT,,,41.2315,0.1398,0.0,0.0,,,,,,0.0,0.0,,,,,,,,,,,,,,bj2018,,,spect,5.41107,0.001726,4.31957,0.003718,1,,sirful,tycho2b3,,2.41431684144366,2.31264369350985,294.157661349985,44.6944823148084,0.0679459077063868,0.0793351014661087,0,0,310683749
13,271356433,20190415,96696.0,3560-02976-1,688-071205,19392948+4726490,,J193929.46+472648.6,2128576003674178688,53725580,10347606,STAR,tmgaia2,294.872864886646,47.4468985590938,tmgaia2,-24.4215,0.0487863,-16.1781,0.0559915,gaia2,3.777,0.0237199,gaia2,80.3501717359403,12.1590669932689,316.503693571339,66.9140721561442,10.268,0.22,8.95,0.03,,,,,,,,,,,6.99,0.023,6.433,0.016,6.316,0.018,AAA-111-111-000-0-0,,6.294,0.081,6.278,0.026,6.28,0.016,6.247,0.046,8.6254,0.000304,7.9752,0.0061,rered,gaia2,4677.0,122.0,,,,,7.30141,,,,,,GIANT,,,262.761,1.65,0.0183968,0.01012829,,,,,,0.00368958,0.016567,panstarrs,,,,,,,,,,,1.64,1.66,bj2018,,,dered,9.22391,0.001459,7.93334,0.001557,1,,hipvmag,apassdr9,,0.826223542875138,0.868212987639468,294.872709404923,47.44682890349,0.019859815208384,0.0244641073368277,0,0,318175566
14,350987178,20190415,92831.0,3127-02260-1,659-068176,18545217+4136098,,J185451.97+413609.6,2104485016711846656,,6265087,STAR,tmgaia2,283.717406587727,41.6027203782154,tmgaia2,-2.05921,0.158357,-2.23446,0.163731,gaia2,12.2448,0.0874391,gaia2,71.4924050300397,17.0251312659962,293.781807051007,63.9137809326589,6.495,0.018,5.46219,0.023,,,,,,,,,,,4.08,0.298,3.55,0.256,3.261,0.31,DDD-333-111-000-0-0,,2.506,,2.937,0.268,2.918,0.008,3.068,0.02,5.18685,0.00306812,4.5907,0.0068,gbprp,spect,4877.8,20.6952,,,0.09,0.0268328,9.62712,,,,,,GIANT,,,81.482,0.58495,0.0,0.0,,,,,,0.0,0.0,,,,,,,,,,,,,,bj2018,,,spect,5.71349,0.001308,4.54222,0.002836,1,,sirful,tycho2b3,,2.62674334789223,2.53915081765649,283.717394731028,41.6027107576243,0.0746271862594925,0.081873243953028,0,0,226798844
15,121658501,20190415,94536.0,3125-01892-1,649-066772,19142545+3939082,,J191425.42+393907.6,2099729349754501888,,4551179,STAR,tmgaia2,288.606063289998,39.6522740624299,tmgaia2,-13.8941,0.0504274,-36.7125,0.0604382,gaia2,3.4139,0.0283067,gaia2,71.1433130499629,12.8479343705291,300.583835675086,61.1307739387399,9.079,0.023,8.11,0.03,,,,,,,,,,,6.343,0.018,5.858,0.024,5.763,0.02,AAA-111-111-000-0-0,,5.736,0.125,5.643,0.049,5.72,0.015,5.649,0.036,7.83408,0.000258,7.24039,0.0062,rered,gaia2,4945.0,122.0,,,,,10.073,,,,,,GIANT,,,290.486,2.4065,0.0226642,0.007439105,,,,,,0.00483301,0.0100452,panstarrs,,,,,,,,,,,2.387,2.426,bj2018,,,dered,8.35956,0.001867,7.1974,0.002338,1,,hipvmag,tycho2b3,,0.831169084429593,0.937171615192593,288.605985592397,39.6521159947462,0.0221687039171452,0.0266682901642242,0,0,260743955
16,351053005,20190415,95666.0,2666-00341-1,636-070361,19273423+3707049,1237672004223894057,J192734.26+370704.6,2051728490311183744,,1575741,STAR,tmgaia2,291.892669627457,37.1179951813706,tmgaia2,7.14582,0.0540969,17.7935,0.0574765,gaia2,1.80004,0.0376115,gaia2,69.9658249988884,9.42428833237436,304.121329708128,57.9919194911597,9.911,0.027,8.52,0.03,14.6968,0.00776768,11.2721,0.00127549,10.7369,0.00140735,10.038,0.00107484,8.18208,0.000523127,6.134,0.034,5.469,0.038,5.249,0.018,AAA-111-111-000-0-0,,5.27,0.154,5.187,0.062,5.213,0.015,5.106,0.029,8.04062,0.000452,7.2794,0.0073,rered,gaia2,4378.0,122.0,,,,,25.3911,,,,,,GIANT,,,547.117,11.3505,0.0607067,0.007687395,,,,,,0.00866825,0.00670654,panstarrs,,,,,,,,,,,11.119,11.582,bj2018,,,dered,8.78721,0.001182,7.24312,0.00135,1,,hipvmag,tycho2b3,,0.884881069702811,0.891549699160296,291.89270821153,37.1180717922803,0.0259911148191965,0.0344012575315503,0,0,287099327
17,351056971,20190415,95673.0,3134-00116-1,640-068911,19273638+3756283,,J192736.39+375628.3,2051905889641367296,,2715115,STAR,tmgaia2,291.901651259743,37.9411955927095,tmgaia2,-0.0700529,0.0960677,-4.47801,0.135702,gaia2,1.72479,0.0537935,gaia2,70.7133769649852,9.79095518116508,304.578849866738,58.7794465109814,6.17,0.022,6.33485,0.023,,,,,,,,,,,6.253,0.023,6.183,0.024,6.046,0.02,AAA-111-111-000-0-0,,5.841,0.141,5.423,0.056,4.723,0.015,3.958,0.022,6.21296,0.00190621,6.2791,0.0091,rered,gaia2,11261.0,203.0,,,,,10.2649,,,,,,GIANT,,,571.069,17.701,0.0414695,0.00767747,,,,,,0.00535404,0.0100009,panstarrs,,,,,,,,,,,17.163,18.239,bj2018,,,dered,6.18842,0.003775,6.22917,0.004504,1,,sirful,tycho2b3,,1.57514662373319,2.10429930525477,291.901650877292,37.9411763123885,0.0425646902334177,0.0621605577089733,0,0,288015452
18,184011496,20190415,96887.0,3140-02645-1,651-076151,19413981+4001205,,J194139.82+400120.6,2076294397581835136,,4937492,STAR,tmgaia2,295.415891478048,40.022339779552,tmgaia2,24.1774,0.109573,14.6988,0.153147,gaia2,3.90155,0.0620664,gaia2,73.865521291423,8.34121729925402,310.946958375519,59.9002333551178,7.043,0.024,6.91789,0.023,,,,,,,,,,,6.471,0.023,6.416,0.021,6.41,0.016,AAA-111-111-00d-0-0,,6.373,0.07,6.319,0.022,6.42,0.015,6.398,0.057,6.86189,0.00042,6.74377,0.0062,rered,gaia2,8134.0,144.059,3.3378,0.0785727,,,4.998,0.170141,1.983,0.313295,0.015883,0.00317997,DWARF,98.5155258,6.026595,254.536,4.053,0.0297447,0.0107127754,1007.0,0.01152375,,,8.84269539e-05,0.00945705,0.0119685,panstarrs,0.264309,0.362281,0.159842,0.18044,0.00197174,0.00438819,0.0942677,0.0628777,6.43935,5.61384,3.989,4.117,bj2018,146.551,141.566,dered,6.97089,0.002038,6.71903,0.001551,1,,sirful,tycho2b3,,1.80821415509466,2.37486283364432,295.416027411696,40.0224030661319,0.0505044698619629,0.0717573101702733,1,0,324539297
19,272713187,20190415,97366.0,3144-01278-1,663-081135,19472350+4228589,,J194723.53+422858.8,2077186823061026688,,6967644,STAR,tmgaia2,296.848021323442,42.4830259814869,tmgaia2,8.27211,0.0665822,-6.89717,0.0744765,gaia2,10.2943,0.0413108,gaia2,76.5695780158842,8.58644581749389,314.8304928214,61.8083106707757,7.722,0.026,7.5,0.03,,,,,,,,,,,7.073,0.023,7.044,0.02,7.026,0.018,AAA-111-111-000-0-0,,6.925,0.05,6.997,0.02,7.032,0.017,6.899,0.062,7.46429,0.000302,7.3251,0.006,gbprp,spect,7856.79,167.581,4.37691,0.0806988,,,1.46723,0.0490704,1.87,0.308728,0.592033,0.125541,DWARF,7.3904767,0.1603305,96.8711,0.3906,0.0,0.0,860.0,0.08436634,,,0.0005136444,0.0,0.0,,0.21224,0.405215,0.0436638,0.0544769,0.104935,0.146147,0.0722313,0.0891664,0.183273,0.137388,0.389,0.3922,bj2018,162.244,172.917,spect,7.58617,0.001775,7.30442,0.00159,1,,hipvmag,tycho2b3,,1.10772914087405,1.15500647762241,296.84806961784,42.4829962853482,0.0326181236518506,0.0378616368726352,1,0,339030317
20,169815759,20190415,97634.0,3141-03692-1,653-081092,19503733+4035591,,J195037.29+403558.7,2073743839843579776,,5385723,STAR,tmgaia2,297.655527974277,40.5997582542835,tmgaia2,-3.06828,0.144968,-7.70854,0.17593,gaia2,0.941739,0.0921067,gaia2,75.2156026574917,7.13282305285408,314.536226057413,59.8356667835107,5.612,0.022,5.65516,0.023,,,,,,,,,,,5.712,0.02,5.757,0.027,5.769,0.026,AAA-111-111-000-0-0,,5.86,0.087,5.771,0.038,5.811,0.017,5.757,0.045,5.6496,0.00314522,5.7393,0.0191,rered,gaia2,13774.0,356.0,,,,,,,,,,,,,,1044.67,106.11,0.0885704,0.02044565,,,,,,0.0160351,0.0248562,panstarrs,,,,,,,,,,,95.6,116.62,bj2018,,,dered,5.61039,0.006273,5.67235,0.007156,1,,sirful,tycho2b3,,2.39688928405378,2.72822174626193,297.655510575223,40.5997250647376,0.0719682521979439,0.0844303236491038,-1,0,346959687
21,123317643,20190415,,3130-02191-1,670-068856,18461773+4348564,,J184617.78+434856.1,2117267079903573504,52389225,8006792,STAR,tmgaia2,281.573953205181,43.8156646119912,tmgaia2,37.1854,0.0678876,-22.9069,0.0739066,gaia2,18.5676,0.0423019,gaia2,73.0935337929047,19.2750525911278,291.203688414859,66.4050687105065,9.078,0.027,8.42,0.002,,,,,,,,,,,7.181,0.019,6.894,0.017,6.856,0.02,AAA-111-111-000-0-0,,6.847,0.07,6.842,0.019,6.851,0.016,6.756,0.055,8.26794,0.000549,7.8282,0.006,gbprp,gaia2,5717.0,125.549,4.40247,0.0790982,,,1.0522,0.0526382,1.02,0.127187,0.875595,0.193122,DWARF,1.06552947,0.02799055,53.7738,0.12325,0.0,0.0,208.0,0.00143498229,,,0.00834712,0.0,0.0,,0.0913936,0.16298,0.0441734,0.061103,0.149538,0.236706,0.0765883,0.0816081,0.0307524,0.0252287,0.1229,0.1236,bj2018,150.318,100.78,dered0,8.62872,0.001793,7.78978,0.001001,1,,tycho2v3,tycho2b3,,1.1347111279131,1.14619668556153,281.574175087454,43.8155659852745,0.0353427596329127,0.0384287647074588,1,0,216243190
22,120690451,20190415,93631.0,3124-02056-1,651-067134,19040168+4006584,,J190401.69+400658.1,2100727362705844608,,4994443,STAR,tmgaia2,286.006942358966,40.1162193580103,tmgaia2,-22.1629,0.0417748,-25.6711,0.049582,gaia2,2.08983,0.0236955,gaia2,70.7461476269447,14.8588801830005,296.763809052315,62.0762947015162,9.326,0.018,7.66,0.03,,,,,,,,,,,4.015,0.262,3.199,0.214,2.859,0.282,DCD-333-111-000-0-0,,2.123,,1.883,,2.906,0.009,2.787,0.023,6.76388,0.000865,5.72,0.0066,rered,gaia2,3676.0,122.0,,,,,69.1896,,,,,,GIANT,,,472.043,5.3205,0.0575983,0.006252745,,,,,,0.005228,0.00727749,panstarrs,,,,,,,,,,,5.261,5.38,bj2018,,,dered,8.02389,0.004654,5.68628,0.002689,1,,hipvmag,tycho2b3,,0.689592381190611,0.768950112830871,286.00681757967,40.1161088297291,0.0193912625313843,0.0256855714674394,0,0,239560913
23,121085912,20190415,93989.0,3120-00831-1,646-066183,19081318+3909173,,J190813.17+390917.4,2100382189073830528,,4042516,STAR,tmgaia2,287.054945662062,39.1548793849073,tmgaia2,0.528801,0.245809,3.49823,0.284383,gaia2,2.00465,0.129877,gaia2,70.1699016587413,13.734731537321,297.929499476604,60.9508980221635,8.841,0.018,7.32,0.03,,,,,,,,,,,1.869,0.212,0.901,0.196,0.773,0.194,CCC-333-111-000-0-0,,-1.915,,-1.034,,0.443,0.083,0.251,0.011,5.42785,0.00756731,4.09896,0.0126,rered,,3063.0,123.0,,,,,,,,,,,,,,494.666,32.7365,0.0778928,0.01954695,,,,,,0.0289971,0.0100968,panstarrs,,,,,,,,,,,30.616,34.857,bj2018,,,dered,7.57306,0.032284,4.16726,0.018348,1,,hipvmag,tycho2b3,,4.04526337368913,4.40989579306751,287.054948598171,39.1548944467311,0.108190013556247,0.131440928489944,-1,0,247339324
24,121988957,20190415,94799.0,3121-02160-1,646-067793,19171994+3907163,,J191719.95+390715.2,2101000011531700480,,4049174,STAR,tmgaia2,289.333246168897,39.1210815732039,tmgaia2,9.03852,0.0430245,-18.6533,0.0545046,gaia2,6.90713,0.0294787,gaia2,70.8934188597469,12.1141083953378,301.406113510905,60.4696182911572,7.694,0.018,6.5669,0.023,,,,,,,,,,,4.482,0.25,4.013,0.23,4.081,0.036,DDE-331-111-0d0-0-0,,4.065,0.349,3.717,0.172,4.025,0.014,3.968,0.022,6.26876,0.000388397,5.64288,0.0061,rered,gaia2,4753.0,122.0,,,,,11.214,,,,,,GIANT,,,144.178,0.6175,0.00863094,0.00346228,,,,,,0.00244833,0.00447623,panstarrs,,,,,,,,,,,0.615,0.62,bj2018,,,dered,6.83493,0.001369,5.59818,0.002244,1,,sirful,tycho2b3,,0.708023193628434,0.845398845837551,289.333296330192,39.1210012603945,0.0205963624563652,0.0312438731557722,0,0,266584160
25,416282724,20190415,94890.0,3550-01851-1,698-067722,19183785+4934098,,J191837.90+493410.4,2132637359106746880,,11555267,STAR,tmgaia2,289.657800910425,49.5694543049905,tmgaia2,21.4332,0.0388518,44.605,0.0399174,gaia2,7.33588,0.0186219,gaia2,80.8225898826565,16.1866818697413,310.267492534699,70.2734970647803,7.443,0.018,6.32537,0.023,,,,,,,,,,,4.466,0.218,3.791,0.22,3.655,0.288,DDD-333-111-000-0-0,,3.651,0.413,3.436,0.262,3.635,0.015,3.578,0.022,5.99394,0.000820659,5.34789,0.0062,rered,spect,4663.0,56.0,,,,,12.6124,,,,,,GIANT,,,135.781,0.346,0.00776387,0.00297,,,,,,0.0018068,0.0041332,panstarrs,,,,,,,,,,,,,bj2018,,,spect,6.58677,0.002368,5.30356,0.001547,1,,sirful,tycho2b3,,0.663549910351345,0.619044505108687,289.657943205201,49.5696463543838,0.0181924384301267,0.0200507390679148,0,0,269231819
26,159179971,20190415,,3133-00123-1,668-074816,19193421+4328488,,J191934.19+432848.4,2102821524341578496,52427557,7747499,STAR,tmgaia2,289.892548407168,43.4801697547681,tmgaia2,-9.90696,0.0488418,-14.5256,0.0539407,gaia2,1.02572,0.0276905,gaia2,75.1284914562643,13.57349853572,305.022975456872,64.5196169550756,10.366,0.029,8.752,0.006,,,,,,,,,,,5.821,0.021,5.116,0.021,4.891,0.017,AAA-111-111-000-0-0,,4.797,0.229,4.8,0.101,4.836,0.015,4.718,0.026,8.13925,0.000562,7.2551,0.0062,rered,gaia2,3971.0,122.0,,,,,55.5659,,,,,,GIANT,,,948.766,25.1295,0.0346434,0.003112785,,,,,,0.00420416,0.00202141,panstarrs,,,,,,,,,,,24.476,25.783,bj2018,,,dered,9.08529,0.001587,7.20954,0.001754,1,,tycho2v3,tycho2b3,,0.815328459963797,0.836566627906986,289.892489622399,43.4801072140049,0.0225372067393763,0.0285050029107599,0,0,270613044
27,417659715,20190415,95314.0,3547-00765-1,691-065594,19233072+4804106,,J192330.70+480410.5,2129216847153832576,,10728753,STAR,tmgaia2,290.878012086421,48.06964576255,tmgaia2,-18.9973,0.0484564,-11.7915,0.0444682,gaia2,4.38486,0.024322,gaia2,79.7313211148142,14.8490866473274,310.696279698104,68.5787825641918,8.668,0.02,7.55,0.03,,,,,,,,,,,5.684,0.035,5.15,0.042,5.048,0.02,AAA-111-111-000-0-0,,5.005,0.208,4.908,0.091,5.019,0.015,4.961,0.029,7.24713,0.000222,6.62457,0.0062,rered,gaia2,4810.0,122.0,,,,,11.0693,,,,,,GIANT,,,226.571,1.258,0.0227538,0.00648548,,,,,,0.00813913,0.00483183,panstarrs,,,,,,,,,,,1.251,1.265,bj2018,,,dered,7.81537,0.001458,6.58878,0.002758,1,,hipvmag,tycho2b3,,0.822657795592285,0.689647672936736,290.877889681972,48.0695949936562,0.0215456997232643,0.0232069577205818,0,0,278297368
28,123233239,20190415,91994.0,3126-00537-1,664-068942,18450062+4238375,,J184500.62+423837.1,2116742544137540608,,7091342,STAR,tmgaia2,281.252636427091,42.643714992261,tmgaia2,-9.66723,0.189466,-17.0859,0.194009,gaia2,1.81026,0.100632,gaia2,71.841395700087,19.1024159978245,290.090418320819,65.3000950326176,9.638,0.028,8.6,0.03,,,,,,,,,,,6.744,0.02,6.27,0.021,6.135,0.018,AAA-111-111-000-0-0,,6.157,0.094,6.091,0.028,6.108,0.015,6.006,0.039,8.31532,0.000378,7.7004,0.0089,rered,gaia2,4917.0,122.0,,,,,15.8437,,,,,,GIANT,,,545.954,30.8415,0.0457941,0.01104218,,,,,,0.0147676,0.00731676,panstarrs,,,,,,,,,,,29.134,32.549,bj2018,,,dered,8.86719,0.00177,7.66161,0.001178,1,,hipvmag,tycho2b3,,3.1536065273426,3.00891540179415,281.252579842123,42.6436414279837,0.0833965852206171,0.103363062521428,0,0,214866549
29,164646448,20190415,92891.0,3127-01558-1,661-070502,18553571+4203367,,J185535.77+420337.3,2104876786449045504,,6584587,STAR,tmgaia2,283.898872185514,42.0602743265199,tmgaia2,14.9079,0.0448072,44.0682,0.0419263,gaia2,4.15782,0.0252913,gaia2,71.9895540104593,17.0665867723533,294.312253841955,64.3309648658665,7.858,0.016,6.55329,0.023,,,,,,,,,,,4.655,0.28,3.808,0.274,3.554,0.506,DDD-333-111-000-0-0,,3.552,0.347,3.101,0.182,3.499,0.015,3.435,0.02,6.15017,0.000515328,5.43331,0.0062,rered,gaia2,4438.0,122.0,,,,,24.154,,,,,,GIANT,,,238.86,1.454,0.019857,0.005260325,,,,,,0.00643513,0.00408552,panstarrs,,,,,,,,,,,1.445,1.463,bj2018,,,dered,6.83764,0.002737,5.38976,0.001961,1,,sirful,tycho2b3,,0.744352199608298,0.650284019682704,283.8989586393,42.0604640646372,0.0203693075133674,0.023544447140964,0,0,227197582
30,164787170,20190415,93204.0,3131-01496-1,669-069075,18590576+4343156,,J185905.75+434315.9,2105841848421613568,,7943968,STAR,tmgaia2,284.773974904449,43.7210186757922,tmgaia2,2.0233,0.0696469,15.0599,0.0709546,gaia2,4.4201,0.0343744,gaia2,73.8517613617722,17.0774319762956,296.71262180471,65.7958128017185,6.844,0.023,6.86959,0.023,,,,,,,,,,,6.726,0.02,6.765,0.016,6.771,0.016,AAA-111-111-000-0-0,,6.698,0.076,6.728,0.023,6.75,0.016,6.588,0.049,6.84066,0.000401,6.85428,0.0063,rered,gaia2,9658.0,149.373,3.74817,0.0653967,,,3.47209,0.0923669,2.462,0.338744,0.0588186,0.0095553,DWARF,94.49866,5.12725,224.788,1.75,0.0181465,0.00650244,292.0,0.00504123932,,,0.001682536,0.00552414,0.00748074,panstarrs,0.353503,0.323986,0.0979613,0.0867724,0.0104327,0.00867789,0.0712939,0.0594995,3.94401,6.31049,1.737,1.763,bj2018,131.834,166.912,dered,6.86841,0.001469,6.83374,0.002401,1,,sirful,tycho2b3,,1.16359615975856,1.10031339681743,284.773986958228,43.7210835170295,0.0316019871551553,0.0337293599438962,1,0,231849331
31,158216854,20190415,93749.0,3128-00440-1,661-071748,19052540+4210393,,J190525.51+421039.6,2105455919840116096,,6675338,STAR,tmgaia2,286.355846164314,42.1776579034772,tmgaia2,4.38249,0.042019,-7.16796,0.0571184,gaia2,1.68687,0.0245029,gaia2,72.8182257217401,15.422798955335,298.439600710514,64.0107648526821,8.84,0.015,7.23,0.03,,,,,,,,,,,4.365,0.256,3.44,0.234,3.15,0.278,DDD-333-111-000-0-0,,2.544,,2.827,0.364,3.163,0.012,3.088,0.019,6.54903,0.000979,5.6614,0.0064,rered,gaia2,3956.0,122.0,,,,,70.8346,,,,,,GIANT,,,582.952,8.3915,0.0225711,0.004466935,,,,,,0.00160828,0.00732559,panstarrs,,,,,,,,,,,8.273,8.51,bj2018,,,dered,7.50795,0.004224,5.61607,0.003957,1,,hipvmag,tycho2b3,,0.698320895979355,0.88573966917321,286.355871626341,42.1776270414298,0.0195548392660822,0.0267646256844165,0,0,241748044
32,158661934,20190415,94351.0,3546-02334-1,687-066852,19121572+4722298,,J191215.72+472230.1,2130848621187317632,,10265370,STAR,tmgaia2,288.065459471426,47.3749804120636,tmgaia2,2.22569,0.0448284,2.7092,0.0791221,gaia2,1.97475,0.0283857,gaia2,78.2894409513282,16.3095600335341,305.172219797214,68.6193252360077,7.563,0.018,6.5306,0.023,,,,,,,,,,,5.062,0.194,4.459,0.21,4.22,0.036,CCE-331-111-000-0-0,,4.184,0.282,3.548,0.107,4.162,0.015,4.119,0.025,6.26224,0.000474179,5.6658,0.0068,rered,gaia2,4943.0,122.0,,,,,35.8864,,,,,,GIANT,,,499.205,7.1285,0.0261538,0.00531627,,,,,,0.00424022,0.00639232,panstarrs,,,,,,,,,,,7.028,7.229,bj2018,,,dered,6.79947,0.002801,5.63166,0.003689,1,,sirful,tycho2b3,,0.759086216463296,1.22695097456492,288.065473622149,47.3749920766757,0.0220445852824087,0.037013609528276,0,0,255874512
33,298968249,20190415,94518.0,3550-01642-1,699-065133,19141259+4946035,,J191412.60+494603.5,2132690273103943296,,11656042,STAR,tmgaia2,288.552481626858,49.7676256490502,tmgaia2,7.45841,0.0528079,19.0797,0.0733725,gaia2,1.80274,0.026224,gaia2,80.7261683466813,16.9232108517656,308.525283563417,70.7350319261442,9.348,0.021,8.03,0.03,,,,,,,,,,,5.692,0.024,5.003,0.017,4.863,0.017,AAA-111-111-000-0-0,,4.81,0.223,4.699,0.088,4.823,0.015,4.745,0.028,7.59503,0.000296,6.8605,0.0065,rered,gaia2,4396.0,122.0,,,,,29.4954,,,,,,GIANT,,,546.077,7.8805,0.0278835,0.00486396,,,,,,0.00590847,0.00381945,panstarrs,,,,,,,,,,,7.769,7.992,bj2018,,,dered,8.31176,0.002308,6.82314,0.003249,1,,hipvmag,tycho2b3,,0.902608914956603,1.13770398229749,288.552531345294,49.7677077977698,0.0240449001074992,0.031285282426325,0,0,260038774
34,121793321,20190415,94644.0,3129-01272-1,658-072294,19153302+4135343,,J191533.04+413534.2,2102227135227203968,51732009,6195870,STAR,tmgaia2,288.887586995154,41.592909463511,tmgaia2,-7.6217,0.0489094,-21.8458,0.0560208,gaia2,3.51438,0.0284909,gaia2,73.0465959601763,13.4618605349511,302.151866658634,62.9395302643938,9.267,0.023,8.18,0.03,,,,,,,,,,,6.249,0.026,5.73,0.02,5.613,0.033,AAA-111-111-000-0-0,,5.582,0.139,5.541,0.045,5.578,0.014,5.526,0.037,7.87091,0.000251,7.23588,0.0061,rered,gaia2,4734.0,122.0,,,,,10.7091,,,,,,GIANT,,,282.247,2.287,0.0160108,0.005601375,,,,,,0.00470071,0.00650204,panstarrs,,,,,,,,,,,2.268,2.306,bj2018,,,dered,8.45142,0.001378,7.19507,0.001318,1,,hipvmag,tycho2b3,,0.81126952535716,0.868794887593235,288.887543116935,41.592815405213,0.0234880905199093,0.0286490203389623,0,0,262424241
35,159762838,20190415,95534.0,3146-00115-1,675-072474,19255662+4455508,,J192556.56+445549.8,2126627291112264192,,8752618,STAR,tmgaia2,291.48595123675,44.9307296004837,tmgaia2,-43.0918,0.0635451,-76.3729,0.0663787,gaia2,6.19568,0.0312286,gaia2,76.97593054709,13.1518475772036,308.716893757692,65.5072582442771,7.713,0.019,6.67403,0.023,,,,,,,,,,,5.136,0.328,4.526,0.212,4.299,0.015,DCA-331-111-000-0-0,,4.257,0.286,4.082,0.168,4.26,0.015,4.218,0.023,6.39904,0.000337195,5.79985,0.0061,rered,spect,4844.64,38.46,,,-0.038,0.031,11.2568,,,,,,GIANT,,,160.658,0.812,0.0139575,0.00680193,,,,,,0.0051936,0.00841026,panstarrs,,,,,,,,,,,,,bj2018,,,spect,6.93536,0.001568,5.75955,0.001991,1,,sirful,tycho2b3,,1.06615960177675,1.02946173609883,291.485689168507,44.9304007730247,0.0263774629166468,0.0349041237191525,0,0,283502655
36,159762672,20190415,95543.0,3543-03050-1,676-070745,19260121+4500471,,J192601.21+450047.1,2126627978307068672,,8818020,STAR,tmgaia2,291.505063197497,45.0130867882188,tmgaia2,2.55372,0.0660309,5.89565,0.0715168,gaia2,3.08234,0.035083,gaia2,77.0583071932683,13.1749024324929,308.817497852187,65.5795822567533,6.922,0.023,7.05296,0.023,,,,,,,,,,,7.331,0.02,7.464,0.023,7.534,0.023,AAA-111-111-000-0-0,,7.508,0.032,7.591,0.02,7.638,0.017,7.609,0.1,7.03409,0.001207,7.2162,0.0083,rered,gaia2,,,,,,,,,,,,,,,,321.473,3.6535,0.0235463,0.006246115,,,,,,0.00434752,0.00814471,panstarrs,,,,,,,,,,,3.613,3.694,bj2018,,,,6.98106,0.004276,7.20177,0.004073,1,,sirful,tycho2b3,,1.10828709088207,1.10907563878883,291.505078750587,45.0131121722687,0.0308304482413231,0.0354043167804837,-1,0,284400532
37,63006449,20190415,95653.0,3142-00213-1,662-073973,19272440+4213453,,J192724.42+421345.2,2101750806176118272,,6777469,STAR,tmgaia2,291.851755362266,42.2293096428438,tmgaia2,11.1953,0.074115,-26.1208,0.0708831,gaia2,2.77261,0.0421372,gaia2,74.6020235700981,11.7395791824513,307.191903396435,62.8751246924816,7.596,0.024,7.57,0.03,,,,,,,,,,,7.357,0.018,7.403,0.018,7.415,0.016,AAA-111-111-000-0-0,,7.342,0.034,7.391,0.02,7.391,0.018,7.358,0.083,7.53656,0.000406,7.52229,0.0062,rered,gaia2,9307.0,152.707,3.55846,0.06815,,,4.23099,0.125264,2.362,0.330411,0.0311855,0.00530674,DWARF,121.009163,7.490345,357.074,5.415,0.0264024,0.00672195,571.0,0.01061612,,,0.00103845762,0.00870811,0.00473579,panstarrs,0.311743,0.349079,0.115624,0.134904,0.00395573,0.00665775,0.0735973,0.0627027,7.35897,7.62172,5.334,5.496,bj2018,155.633,149.781,dered,7.57861,0.001426,7.49749,0.002149,1,,hipvmag,tycho2b3,,1.23191429714575,1.09935300352359,291.851820459542,42.2291971783057,0.0334306868748845,0.038230814057904,1,0,286972372
38,270609000,20190415,96252.0,3143-00184-1,660-075421,19341818+4155379,,J193418.20+415537.8,2077629170330851072,,6528001,STAR,tmgaia2,293.575794553875,41.9272187777938,tmgaia2,11.2713,0.0884565,-7.96359,0.0954622,gaia2,7.13489,0.0540785,gaia2,74.9123324106548,10.4605425029591,309.589270770032,62.1643520701662,6.663,0.023,6.68959,0.023,,,,,,,,,,,6.617,0.026,6.647,0.016,6.646,0.016,AAA-111-111-000-0-0,,6.684,0.07,6.668,0.022,6.736,0.016,6.645,0.05,6.65836,0.000548,6.69452,0.0062,rered,gaia2,9957.0,137.428,4.1438,0.0600062,,,2.24036,0.0560176,2.549,0.329111,0.226681,0.0338802,DWARF,44.44734,2.094295,139.604,1.062,0.0101048,0.003324495,657.0,0.00424163975,,,0.003087212,0.00415959,0.0024894,panstarrs,0.243803,0.414419,0.0568593,0.0551759,0.0314314,0.0363289,0.0511237,0.0688888,2.25537,1.93322,1.054,1.07,bj2018,135.519,139.337,dered,6.67551,0.001692,6.67859,0.001931,1,,sirful,tycho2b3,,1.4688681011769,1.48075075110915,293.575859781814,41.9271844901328,0.0421521121931769,0.056718057807955,1,0,304212958
39,270610122,20190415,96288.0,3143-02179-1,663-077909,19344127+4224448,,J193441.26+422444.6,2077737571001053312,,6954647,STAR,tmgaia2,293.671924393849,42.412510967211,tmgaia2,2.2135,0.187301,-31.094,0.193507,gaia2,5.76807,0.10736,gaia2,75.3844629184773,10.6190854931972,310.093521932065,62.5955570353676,5.395,0.022,5.33996,0.023,,,,,,,,,,,5.128,0.037,5.069,0.027,5.045,0.023,EAA-111-111-000-0-0,,5.073,0.204,4.902,0.097,5.114,0.014,5.042,0.031,5.3085,0.00244504,5.2768,0.0073,rered,spect,8356.0,116.0,,,,,6.5424,,,,,,GIANT,,,172.612,3.2245,0.0167472,0.00684058,,,,,,0.00482321,0.00885795,panstarrs,,,,,,,,,,,,,bj2018,,,spect,5.36529,0.001546,5.25863,0.005165,1,,sirful,tycho2b3,,3.11528293716912,3.0010975427421,293.67193730221,42.4123770902662,0.0882136956201532,0.102152090191144,0,0,305301810
40,272841269,20190415,97372.0,3561-02129-1,690-071557,19472682+4754273,,,2086614688589352320,,10679281,STAR,tmgaia2,296.861788837212,47.9075731922077,tmgaia2,-23.0293,0.201047,-37.6279,0.156304,gaia2,3.24014,0.105017,gaia2,81.4021592071385,11.1874337173135,320.07444686779,66.7369494370811,7.743,0.014,6.14251,0.023,,,,,,,,,,,2.979,0.27,2.135,0.236,1.822,0.296,DDD-333-111-000-0-0,,,,,,,,,,5.34152,0.00303465,4.39794,0.0071,rered,gaia2,3857.0,122.0,,,,,71.4942,,,,,,GIANT,,,306.448,9.954,0.0321045,0.004895465,,,,,,0.00531876,0.00447217,panstarrs,,,,,,,,,,,9.636,10.272,bj2018,,,dered,6.41678,0.0037,4.36954,0.005233,1,,sirful,tycho2b3,,3.410959057964,2.42465023431477,296.861640918803,47.9074111832875,0.0845165058336425,0.096929478584539,0,0,339038890
41,239306038,20190415,98610.0,3162-01537-1,671-082037,20014523+4407086,,J200145.20+440708.6,2076072811625087104,,8262528,STAR,tmgaia2,300.438444004411,44.1190444359469,tmgaia2,-11.5218,0.0406458,-13.7993,0.0415293,gaia2,2.41373,0.0223413,gaia2,79.3228671235302,7.15002504470072,321.339504743881,62.2405316242857,8.564,0.014,6.94175,0.023,,,,,,,,,,,3.682,0.288,2.916,0.24,2.534,0.344,DDD-333-111-000-0-0,,1.436,,1.406,,2.636,0.012,2.564,0.016,6.17694,0.000921573,5.23222,0.0062,rered,gaia2,3904.0,122.0,,,,,65.0119,,,,,,GIANT,,,409.439,3.774,0.0638948,0.02396025,,,,,,0.0375667,0.0103538,panstarrs,,,,,,,,,,,3.74,3.808,bj2018,,,dered,7.22861,0.003614,5.19784,0.002311,1,,sirful,tycho2b3,,0.68004463390006,0.64404474033452,300.438374902726,44.1189850223149,0.019214990615325,0.0209426556419323,0,0,370176701
42,123313443,20190415,,3130-01083-1,670-068781,18452778+4359432,,J184527.77+435942.9,2117284053614333312,,8075287,STAR,tmgaia2,281.365766870772,43.9953375306805,tmgaia2,-10.767,0.0741729,-23.4226,0.0665743,gaia2,1.5328,0.0475408,gaia2,73.2203152491592,19.4762400671984,290.924324150719,66.6109324495084,10.141,0.028,8.678,0.005,,,,,,,,,,,6.205,0.019,5.525,0.029,5.341,0.02,AAA-111-111-000-0-0,,5.308,0.17,5.283,0.066,5.293,0.015,5.188,0.029,8.20331,0.000362,7.4245,0.0064,rered,gaia2,4236.0,122.0,,,,,29.3388,,,,,,GIANT,,,641.03,19.704,0.0288327,0.00399945,,,,,,0.00425811,0.00374079,panstarrs,,,,,,,,,,,19.11,20.298,bj2018,,,dered,8.98169,0.001526,7.38305,0.001977,1,,tycho2v3,tycho2b3,,1.24043094838641,1.03268999426478,281.365702430749,43.9952366833956,0.0345754940971661,0.0403436362003135,0,0,215330513
43,164721412,20190415,93022.0,3541-01340-1,680-065825,18570305+4551213,,J185703.04+455121.6,2107207888539182464,,9327530,STAR,tmgaia2,284.262688740563,45.8559506504943,tmgaia2,0.973626,0.068816,19.2446,0.0684452,gaia2,3.51543,0.0337906,gaia2,75.8064577882142,18.1816715487734,297.201045359773,67.9528533006676,7.422,0.025,7.39731,0.023,,,,,,,,,,,7.196,0.029,7.239,0.018,7.197,0.02,AAA-111-111-000-0-0,,7.155,0.045,7.219,0.02,7.241,0.017,7.16,0.08,7.36476,0.0003,7.34274,0.0068,rered,spect,8032.29,292.334,3.43785,0.0991992,,,4.40906,0.269394,1.943,0.304677,0.0226692,0.00624547,DWARF,72.90267,3.30546,282.176,2.711,0.0161832,0.004890425,250.0,0.02080384,,,0.00112845073,0.00430338,0.00547747,panstarrs,0.238033,0.37132,0.335506,0.203283,0.00419411,0.00829684,0.104372,0.0940264,2.66982,3.9411,2.686,2.736,bj2018,268.556,316.112,spect,7.41123,0.001497,7.32023,0.004794,1,,sirful,tycho2b3,,1.15855298957052,1.06134269730392,284.262694759534,45.8560335091896,0.0306514722312203,0.0306306715563504,1,0,229274800
44,120317181,20190415,93177.0,3123-01062-1,654-067856,18584658+4040450,,J185846.58+404045.0,2103449001881575680,,5429169,STAR,tmgaia2,284.694115741368,40.6791900035471,tmgaia2,1.29287,0.0821388,-1.42447,0.0922177,gaia2,2.86968,0.0458765,gaia2,70.8842473088792,15.9985182009094,294.935167762768,62.8521809285478,,,6.2,0.03,,,,,,,,,,,6.477,0.02,6.575,0.024,6.606,0.02,AAA-111-111-000-0-0,,6.614,0.072,6.65,0.023,6.732,0.016,6.63,0.059,6.1654,0.00270235,6.3463,0.0085,rered,gaia2,,,,,,,,,,,,,,,,345.123,5.5075,0.0291765,0.006109435,,,,,,0.00657284,0.00564603,panstarrs,,,,,,,,,,,5.421,5.594,bj2018,,,,6.09641,0.007203,6.31347,0.005941,1,,hipvmag,,,1.35830322663381,1.43003586446681,284.694123081473,40.6791838704126,0.0365101623434924,0.0434918523796516,-1,0,231328224
45,120763239,20190415,93665.0,3120-00634-1,641-064878,19042378+3806274,,J190423.76+380627.6,2099949359449611648,,2970780,STAR,tmgaia2,286.099080834677,38.1075987349881,tmgaia2,-2.57412,0.0482683,17.0785,0.0610022,gaia2,3.34758,0.0289459,gaia2,68.8724339134772,13.9946587964787,295.961474506219,60.1041428620304,8.755,0.025,8.967,0.137,,,,,,,,,,,6.352,0.018,5.936,0.021,5.817,0.018,AAA-111-111-000-0-0,,5.746,0.138,5.694,0.054,5.767,0.016,5.7,0.038,7.7009,0.000241,7.17032,0.0061,rered,gaia2,5319.0,122.0,,,,,9.2777,,,,,,GIANT,,,296.194,2.5585,0.0361242,0.008766395,,,,,,0.00795534,0.00957745,panstarrs,,,,,,,,,,,2.537,2.58,bj2018,,,dered,8.15251,0.001214,7.12803,0.001528,1,,ucac4,tycho2b3,,0.791823257742421,0.946085059186948,286.099066749436,38.1076722674201,0.0217490318477317,0.0322831992522457,0,0,239565322
46,158552767,20190415,94182.0,3129-01713-1,664-071820,19102663+4236049,,J191026.63+423604.9,2102561730358498048,,7105221,STAR,tmgaia2,287.610966649425,42.6013523169259,tmgaia2,1.8974,0.0921112,1.60551,0.0897175,gaia2,2.07285,0.0519667,gaia2,73.5993944143437,14.7372950311417,300.742809880569,64.1726769055493,7.41,0.024,7.51,0.03,,,,,,,,,,,7.603,0.043,7.713,0.031,7.704,0.017,AAA-111-111-000-0-0,,7.701,0.028,7.75,0.02,7.765,0.018,7.845,0.131,7.47507,0.00043,7.5768,0.0073,rered,gaia2,12391.0,148.0,,,,,,,,,,,,,,476.194,11.883,0.0255674,0.004837945,,,,,,0.0054239,0.00425199,panstarrs,,,,,,,,,,,11.592,12.174,bj2018,,,dered,7.4545,0.001662,7.55437,0.002351,1,,hipvmag,tycho2b3,,1.53292985696258,1.3914851453588,287.610977747877,42.601359229539,0.0400296113847318,0.049024981414086,-1,0,252534773
47,158553782,20190415,94192.0,3129-01914-1,661-072416,19103394+4201200,,J191033.96+420120.0,2102450954560072320,,6593264,STAR,tmgaia2,287.641487036011,42.0222212414544,tmgaia2,8.35343,0.051698,1.01381,0.062637,gaia2,4.24649,0.0306297,gaia2,73.0601772380036,14.4850063767766,300.431918196268,63.6094847682371,7.122,0.024,7.11382,0.023,,,,,,,,,,,6.928,0.019,6.964,0.024,6.968,0.023,AAA-111-111-000-0-0,,6.932,0.057,6.958,0.021,6.99,0.017,6.972,0.068,7.07004,0.000417,7.06393,0.0061,rered,gaia2,9394.0,167.488,3.75784,0.0695842,,,3.38098,0.0890075,2.387,0.355107,0.0617626,0.0106558,DWARF,80.20135,4.73926,233.912,1.689,0.0228793,0.008336555,361.0,0.00264776,,,0.0016202844,0.00626371,0.0104094,panstarrs,0.224248,0.485967,0.0986171,0.079398,0.00810729,0.0132043,0.0602974,0.078871,4.98022,4.4983,1.677,1.701,bj2018,137.218,197.757,dered,7.11062,0.001166,7.04346,0.001443,1,,sirful,tycho2b3,,0.858708379610924,0.971467940020189,287.64153545016,42.0222256064799,0.0232791147036247,0.0339794862353664,1,0,252535193
48,121989114,20190415,94781.0,3121-02286-1,646-067751,19170907+3901428,,J191708.96+390143.4,2099498216086406784,,3946721,STAR,tmgaia2,289.287890579549,39.0286251455938,tmgaia2,26.1752,0.0492588,24.2566,0.048238,gaia2,3.11901,0.0263703,gaia2,70.792530747627,12.1065218765688,301.287405712904,60.3898923063046,8.449,0.015,6.93017,0.023,,,,,,,,,,,3.755,0.288,3.009,0.244,2.673,0.314,DDD-333-111-000-0-0,,2.251,,2.448,0.541,2.815,0.01,2.789,0.019,6.25231,0.000993198,5.36183,0.0062,rered,gaia2,3967.0,122.0,,,,,44.7171,,,,,,GIANT,,,317.699,2.682,0.0382195,0.0174547,,,,,,0.0141249,0.0207845,panstarrs,,,,,,,,,,,2.66,2.704,bj2018,,,dered,7.20648,0.003187,5.31495,0.001817,1,,sirful,tycho2b3,,0.810331368294358,0.748074858025657,289.288035654489,39.0287295838217,0.021652715918552,0.0240239981915204,0,0,265762860
49,270780854,20190415,96390.0,3143-01555-1,662-075938,19354984+4221580,,J193549.86+422157.8,2077747333469959168,,6870455,STAR,tmgaia2,293.957765879785,42.3660963938028,tmgaia2,-3.47785,0.050128,-11.9504,0.0634745,gaia2,1.04854,0.0289653,gaia2,75.4409619670558,10.4101862890831,310.487591905885,62.4785217828144,9.861,0.03,8.13,0.03,,,,,,,,,,,5.362,0.226,4.346,0.19,4.129,0.314,DCD-333-111-000-0-0,,3.982,0.345,3.813,0.209,3.961,0.016,3.846,0.022,7.41389,0.000577,6.499,0.0071,rered,gaia2,3945.0,122.0,,,,,79.4082,,,,,,GIANT,,,928.952,25.2075,0.0523742,0.00790319,,,,,,0.00608267,0.00972371,panstarrs,,,,,,,,,,,24.536,25.879,bj2018,,,dered,8.41554,0.002163,6.46326,0.002389,1,,hipvmag,tycho2b,,0.833652267613568,0.984378464383435,293.957745613167,42.3660449406939,0.0246225987593729,0.0321059502947152,0,0,308517618
50,271433034,20190415,96805.0,3144-00810-1,666-078906,19404116+4304401,,J194041.14+430440.1,2078059800932315008,,7456762,STAR,tmgaia2,295.171458656646,43.077827049621,tmgaia2,1.68603,0.272666,-0.846656,0.286232,gaia2,2.0912,0.141147,gaia2,76.5022753712189,9.95154285709436,312.856060584524,62.8215774909481,7.69,0.015,6.18633,0.023,,,,,,,,,,,2.561,0.258,1.656,0.206,1.423,0.248,DCD-333-111-000-0-0,,-0.921,,-0.176,,1.452,0.024,1.317,0.012,5.20975,0.00338913,4.19426,0.0074,rered,gaia2,3727.0,122.0,,,,,135.65,,,,,,GIANT,,,475.25,32.893,0.0542547,0.0166915,,,,,,0.0115614,0.0218216,panstarrs,,,,,,,,,,,30.663,35.123,bj2018,,,dered,6.4478,0.006376,4.19781,0.005989,1,,sirful,tycho2b3,,4.54532968848151,4.43892609977574,295.171468595079,43.077823404297,0.124927224768677,0.143808386592279,0,0,321413117
51,171501617,20190415,98058.0,3141-03475-1,651-081143,19554061+4010225,,J195540.63+401022.4,2073542697941496320,,5041881,STAR,tmgaia2,298.919210097061,40.1728996427815,tmgaia2,4.74258,0.0404988,3.89894,0.0491902,gaia2,1.43423,0.0258024,gaia2,75.3329113164281,6.08636272840779,315.983747832284,59.0822106676106,8.034,0.015,6.56696,0.023,,,,,,,,,,,4.189,0.262,3.55,0.214,3.264,0.316,DCD-333-111-000-0-0,,3.244,0.444,2.997,0.412,3.22,0.011,3.14,0.02,6.09793,0.000603237,5.3197,0.0092,rered,gaia2,4330.0,122.0,,,,,80.749,,,,,,GIANT,,,683.78,12.1605,0.0656799,0.0130969351,,,,,,0.0188424,0.00735147,panstarrs,,,,,,,,,,,11.948,12.373,bj2018,,,dered,6.86447,0.001436,5.28,0.001875,1,,sirful,tycho2b3,,0.66870615676538,0.762950440208843,298.919236820538,40.1729164298875,0.0207008767543534,0.0276815646461063,0,0,358904385
52,171967685,20190415,,3145-02646-1,658-082704,19570201+4134267,,J195702.03+413426.9,2075352803312372224,,6234579,STAR,tmgaia2,299.258407246253,41.5741374481699,tmgaia2,20.6044,0.0581631,2.25749,0.0648538,gaia2,2.52425,0.0385985,gaia2,76.6768398043132,6.58143145093648,317.516866214265,60.2782335564248,9.689,0.021,8.224,0.003,,,,,,,,,,,5.627,0.024,5.179,0.262,4.785,0.018,ADA-131-111-000-0-0,,4.684,0.245,4.63,0.107,4.733,0.016,4.63,0.024,7.70235,0.000423,6.90019,0.0061,rered,gaia2,4186.0,122.0,,,,,23.9346,,,,,,GIANT,,,391.82,5.9725,0.0451383,0.0145336548,,,,,,0.0191132,0.00995411,panstarrs,,,,,,,,,,,5.883,6.062,bj2018,,,dered,8.51149,0.001771,6.85911,0.001157,1,,tycho2v3,tycho2b3,,0.96467080174407,1.00589804943442,299.258525831552,41.5741471679795,0.0268045889299094,0.0365471222774968,0,0,361392739
53,171977235,20190415,98194.0,3141-03693-1,652-081343,19571387+4022041,,J195713.87+402204.2,2073537612700605696,,5219588,STAR,tmgaia2,299.307781799456,40.3678253629572,tmgaia2,6.79627,0.168133,0.28378,0.203035,gaia2,2.85712,0.103295,gaia2,75.653865844619,5.93139855885148,316.661911445657,59.1509622259679,,,5.46,0.03,,,,,,,,,,,5.595,0.018,5.652,0.018,5.675,0.027,AAA-111-111-000-0-0,,5.73,0.121,5.597,0.052,5.797,0.015,5.747,0.035,5.43503,0.00228398,5.54229,0.0069,rered,,12827.0,166.0,,,,,,,,,,,,,,347.306,12.582,0.0323724,0.01639415,,,,,,0.0111497,0.0216386,panstarrs,,,,,,,,,,,12.135,13.029,bj2018,,,dered,5.39292,0.00204,5.49903,0.003285,1,,hipvmag,,,2.77770398116495,3.14903392548571,299.307820205593,40.3678265847941,0.0793105079095106,0.111973957033237,-1,0,362224425
54,273874229,20190415,97845.0,3562-02427-1,690-072763,19530125+4748276,,J195301.23+474827.7,2086460069767734656,,10618721,STAR,tmgaia2,298.255192418536,47.8077197048368,tmgaia2,-7.17553,0.0819916,-6.97687,0.104954,gaia2,0.87239,0.0524829,gaia2,81.7716608457956,10.3200921648392,322.037891000522,66.2172527177682,6.149,0.022,6.28605,0.023,,,,,,,,,,,6.481,0.021,6.596,0.021,6.616,0.016,AAA-111-111-000-0-0,,6.643,0.072,6.653,0.022,6.713,0.017,6.646,0.062,6.2479,0.0008426,6.4032,0.0114,rered,gaia2,,,,,,,,,,,,,,,,1114.03,66.975,0.0847365,0.01072297,,,,,,0.0128849,0.00856104,panstarrs,,,,,,,,,,,63.03,70.92,bj2018,,,,6.19273,0.002773,6.35309,0.003165,1,,sirful,tycho2b3,,1.3906614335392,1.62774614974463,298.255146418406,47.8076896655448,0.0393858728361762,0.0558711431731206,-1,0,352760094
55,63454475,20190415,96011.0,3560-02637-1,688-069851,19311634+4728522,,J193116.34+472851.8,2128480311802353536,,10342012,STAR,tmgaia2,292.81814313121,47.4811821334395,tmgaia2,-10.5,1.3,-32.4,1.4,tycho2,4.32,0.57,hip,79.7488553019386,13.4187554328566,313.27655213252,67.5221072628112,7.157,0.025,6.86688,0.023,,,,,,,,,,,6.317,0.018,6.276,0.016,6.244,0.018,AAA-111-111-000-0-0,,6.297,0.083,6.178,0.025,6.316,0.015,6.226,0.047,6.81309,0.000615,6.6335,0.006,gbprp,tic7,8765.0,,,,,,5.02448,,,,,,DWARF,,,231.481,,,,386.0,0.00288678426,,,0.00103444245,,,,,,,,,,,,,,,,hip,,,dered,6.9586,0.001964,6.60713,0.002362,0,,sirful,tycho2b3,,22.0320033041489,21.7191205039039,292.818076238384,47.4810426334589,0.912959353467888,0.911150625911003,0,-1,296799849
56,123451081,20190415,,3126-01992-1,666-070453,18493964+4304245,,J184939.66+430424.1,2105176094130309120,52392775,7420037,STAR,tmgaia2,282.415147586654,43.073466796889,tmgaia2,-4.99793,0.0475517,-17.4104,0.0489535,gaia2,0.978297,0.026168,gaia2,72.5754457309421,18.448322326214,292.302658296641,65.5543135491781,10.138,0.028,8.50645,0.023,,,,,,,,,,,5.134,0.306,4.082,0.238,3.805,0.368,DDD-333-111-d00-0-0,,3.524,0.412,3.264,0.273,3.377,0.012,3.217,0.021,7.43984,0.001971,6.3731,0.0066,rered,gaia2,3593.0,122.0,,,,,111.5,,,,,,GIANT,,,993.331,26.029,0.0323734,0.00463605,,,,,,0.00537079,0.00390131,panstarrs,,,,,,,,,,,25.359,26.699,bj2018,,,dered,8.77244,0.011806,6.33805,0.005666,1,,sirful,tycho2b3,,0.792671243532239,0.759200370257289,282.415118128071,43.0733918354507,0.0217522612064079,0.0252834326831413,0,0,220311935
57,258202644,20190415,92599.0,3127-00807-1,657-067445,18520723+4122596,,J185207.24+412259.6,2104376989694932608,,6020867,STAR,tmgaia2,283.030207631446,41.3832442646651,tmgaia2,-3.69549,0.0995933,-1.00044,0.0908863,gaia2,2.97293,0.0513944,gaia2,71.0826158892396,17.4250327611535,292.535149335808,63.8066451136924,6.187,0.022,6.28861,0.023,,,,,,,,,,,6.315,0.019,6.37,0.031,6.385,0.017,AAA-111-111-000-0-0,,6.419,0.083,6.367,0.025,6.425,0.016,6.292,0.048,6.24713,0.00124208,6.3237,0.0071,rered,gaia2,11109.0,159.0,,,,,5.82133,,,,,,GIANT,,,333.277,5.754,0.020111,0.00430668,,,,,,0.00421687,0.00439649,panstarrs,,,,,,,,,,,5.656,5.852,bj2018,,,dered,6.22995,0.001969,6.29299,0.003425,1,,sirful,tycho2b3,,1.65072504048463,1.40952309229455,283.030186425204,41.383239957217,0.0440524820616728,0.0470487107589499,0,0,223276871
58,120044317,20190415,92869.0,3123-01905-1,651-065844,18552564+4010377,,J185525.65+401037.7,2103508478587989504,,4989900,STAR,tmgaia2,283.85690264724,40.1771541466979,tmgaia2,1.04398,0.0657067,1.69037,0.0782713,gaia2,4.12029,0.0361367,gaia2,70.15014900287,16.4000512514784,293.345121392382,62.4979304705199,6.916,0.024,6.84281,0.023,,,,,,,,,,,6.492,0.02,6.503,0.015,6.486,0.018,AAA-111-111-000-0-0,,6.465,0.078,6.427,0.023,6.505,0.015,6.496,0.056,6.7975,0.000381,6.72659,0.0061,rered,spect,8400.0,133.888,3.43089,0.0733652,-0.2,0.22,4.59856,0.164528,2.08,0.300148,0.0213893,0.00397513,DWARF,94.85416,5.2478,241.037,2.1155,0.0223244,0.0116716148,320.0,0.00438896567,,,0.00105172221,0.00901353,0.0143297,panstarrs,0.248418,0.351877,0.170238,0.158817,0.00324996,0.0047003,0.0700937,0.0766367,6.46992,4.02568,2.097,2.134,bj2018,153.513,114.263,spect,6.875,0.00152,6.70315,0.001297,1,,sirful,tycho2b3,,1.08483033022344,1.21381862084406,283.856908530224,40.17716142468,0.0295610457178036,0.0385863748136884,1,0,227191188
59,120044371,20190415,92861.0,3123-01667-1,651-065827,18552001+4008197,,J185520.02+400819.8,2103507894472422656,,4989821,STAR,tmgaia2,283.833406415412,40.1388338381681,tmgaia2,4.03946,0.0474883,1.79431,0.0599228,gaia2,3.18011,0.0274039,gaia2,70.1061022989072,16.4023933397618,293.290003491376,62.4641316812154,9.309,0.025,8.35,0.03,,,,,,,,,,,6.637,0.026,6.194,0.02,6.095,0.016,AAA-111-111-000-0-0,,6.032,0.103,5.999,0.035,6.064,0.015,6.014,0.04,8.08953,0.000452,7.50849,0.0061,rered,gaia2,5019.0,122.0,,,,,9.28992,,,,,,GIANT,,,311.651,2.682,0.0261602,0.01440835,,,,,,0.0116823,0.0171344,panstarrs,,,,,,,,,,,2.66,2.704,bj2018,,,dered,8.60221,0.001377,7.46838,0.001477,1,,hipvmag,tycho2b3,,0.783960588045802,0.929247381005094,283.833429165535,40.1388415636718,0.0219202685540296,0.0287217557483135,0,0,227191219
60,121787999,20190415,94619.0,3125-03665-1,651-069051,19151723+4006492,,J191517.24+400649.2,2101290316961062400,51731693,5001462,STAR,tmgaia2,288.821862235063,40.1136904685291,tmgaia2,1.54991,0.0696924,-1.06838,0.0766677,gaia2,2.95031,0.0402565,gaia2,71.6442574468858,12.8907109045229,301.172449997788,61.5315089937839,8.022,0.026,8.11,0.03,,,,,,,,,,,8.266,0.018,8.374,0.017,8.385,0.017,AAA-112-111-000-0-0,,8.392,0.023,8.44,0.019,8.424,0.022,8.207,0.179,8.09207,0.002098,8.21461,0.0093,rered,,13570.0,367.0,,,,,,,,,,,,,,335.75,4.5735,0.0328181,0.00711714,,,,,,0.00529151,0.00894277,panstarrs,,,,,,,,,,,4.513,4.634,bj2018,,,dered,8.05809,0.006317,8.18718,0.00801,1,,hipvmag,tycho2b3,,1.15042536785,1.18905469409192,288.821870960884,40.11368586856,0.0321893269012921,0.0409498216921151,-1,0,262422618
61,121865131,20190415,94659.0,3125-00461-1,652-069049,19154370+4021358,,J191543.63+402135.2,2101317839111655424,,5177450,STAR,tmgaia2,288.932061151274,40.3599209935366,tmgaia2,-69.5952,0.0473674,-47.1736,0.0444544,gaia2,3.35207,0.0280541,gaia2,71.9097869485851,12.9174801146303,301.483352088871,61.7457396678177,8.264,0.017,6.97019,0.023,,,,,,,,,,,4.673,0.192,4.014,0.232,3.876,0.278,CDD-333-111-000-0-0,,3.807,0.347,3.519,0.256,3.793,0.015,3.714,0.024,6.53222,0.00031,5.79805,0.0063,rered,spect,4330.0,100.0,,,-0.43,0.06,27.4253,,,,,,GIANT,,,295.799,2.4735,0.0322078,0.00775296,,,,,,0.00510082,0.0104051,panstarrs,,,,,,,,,,,,,bj2018,,,spect,7.24755,0.00211,5.76118,0.004125,1,,sirful,tycho2b3,,0.782519717875767,0.689474089424818,288.931667910687,40.3597178856607,0.0219695038708222,0.0243718797375497,0,0,263257706
62,159577231,20190415,95352.0,3146-01835-1,667-073781,19235651+4323175,,J192356.52+432317.0,2126062687590513408,,7680115,STAR,tmgaia2,290.985419747438,43.3881674808285,tmgaia2,14.8056,0.0773028,-27.8675,0.0849584,gaia2,7.48735,0.0398913,gaia2,75.3876562266169,12.8154764597802,306.69116689396,64.1778313147067,6.786,0.0808022,5.862,0.023,,,,,,,,,,,4.437,0.264,3.994,0.206,3.835,0.286,DCD-333-111-000-0-0,,3.721,0.334,3.425,0.125,3.716,0.015,3.663,0.022,5.6169,0.00144034,5.07039,0.0066,rered,gaia2,5140.0,123.0,,,,,11.4292,,,,,,GIANT,,,133.05,0.7115,0.00965776,0.003299545,,,,,,0.00182031,0.00477878,panstarrs,,,,,,,,,,,0.707,0.716,bj2018,,,dered,6.08823,0.001599,5.0273,0.004899,1,,mermil,mermil,,1.28997613089225,1.31738202876015,290.985507465729,43.3880474957918,0.0339479027872442,0.037253079512713,0,0,278983945
63,269029443,20190415,98345.0,3562-02368-1,687-074806,19585165+4721434,,J195851.64+472143.4,2085638116106991872,,10298061,STAR,tmgaia2,299.715254936933,47.3620782492196,tmgaia2,-9.02799,0.0568923,-15.0117,0.0580358,gaia2,2.62829,0.0335711,gaia2,81.8762767786424,9.24409803116437,323.64693903125,65.361026577369,9.543,0.028,8.345,0.003,,,,,,,,,,,6.232,0.021,5.704,0.069,5.523,0.024,AAA-111-111-000-0-0,,4.704,,5.507,0.206,5.624,0.031,5.519,0.052,8.02396,0.00032,7.35686,0.0061,rered,gaia2,4797.0,122.0,,,,,14.023,,,,,,GIANT,,,376.429,4.794,0.0860971,0.0169843,,,,,,0.0203379,0.0136307,panstarrs,,,,,,,,,,,4.734,4.854,bj2018,,,dered,8.63237,0.001268,7.31665,0.001915,1,,tycho2v3,tycho2b3,,0.963274579153049,0.900087808113274,299.715197551879,47.3620136155251,0.0264303616561509,0.030968438774809,0,0,365662358
64,159642282,20190415,,3547-02008-1,688-068908,19241963+4724471,,J192419.63+472446.8,2129162799284981760,53706186,10337574,STAR,tmgaia2,291.081793067802,47.4130980822725,tmgaia2,-3.42999,0.0569637,-17.0297,0.0551611,gaia2,2.03012,0.0301922,gaia2,79.1718346245486,14.4530620964197,310.356633720155,67.9199990482859,9.743,0.027,8.552,0.003,,,,,,,,,,,6.503,0.018,5.969,0.024,5.844,0.017,AAA-111-111-000-0-0,,5.793,0.121,5.799,0.044,5.81,0.015,5.69,0.034,8.23647,0.000307,7.5686,0.0073,rered,gaia2,4634.0,122.0,,,,,16.7946,,,,,,GIANT,,,485.795,7.181,0.0291738,0.007350905,,,,,,0.00669245,0.00800936,panstarrs,,,,,,,,,,,7.076,7.286,bj2018,,,dered,8.85822,0.001278,7.52902,0.001586,1,,tycho2v3,tycho2b3,,0.964683318451805,0.855432523749308,291.081771244476,47.4130247599545,0.0268808642670997,0.0272918885276978,0,0,279886963
65,351192586,20190415,97304.0,3565-01526-1,701-070461,19463275+5000374,,J194632.78+500037.0,2135282371768942464,,11824273,STAR,tmgaia2,296.636532179379,50.0103391303907,tmgaia2,4.49787,0.0474911,-18.3643,0.0438123,gaia2,4.08248,0.0297252,gaia2,83.226471215493,12.3070103355652,322.350098282554,68.6602676056687,7.813,0.018,6.67465,0.023,,,,,,,,,,,5.179,0.256,4.373,0.036,4.4,0.314,DED-313-111-000-0-0,,4.03,0.321,3.918,0.055,4.036,0.015,3.986,0.029,6.34864,0.000737129,5.70555,0.0062,rered,gaia2,4721.0,122.0,,,,,18.9222,,,,,,GIANT,,,243.244,1.772,0.0236628,0.009623305,,,,,,0.00968949,0.00955712,panstarrs,,,,,,,,,,,1.759,1.785,bj2018,,,dered,6.93895,0.002481,5.66587,0.002157,1,,sirful,tycho2b3,,0.812597746186695,0.679653113292789,296.636562313742,50.0102600618801,0.0239844173367125,0.0276449541717606,0,0,337070315
66,394175097,20190415,94923.0,3125-00259-1,652-069640,19185810+4021377,,J191858.11+402137.7,2101352439367659904,,5180075,STAR,tmgaia2,289.74213367512,40.3604681305082,tmgaia2,7.32273,0.111886,8.44222,0.116471,gaia2,4.56499,0.0698997,gaia2,72.1777021096495,12.3583085768755,302.732970001352,61.574993983688,6.896,0.023,6.87818,0.023,,,,,,,,,,,6.738,0.021,6.778,0.065,6.737,0.016,AAA-111-111-000-0-0,,6.725,0.072,6.719,0.021,6.778,0.016,6.755,0.062,6.85218,0.000403,6.85165,0.0062,rered,gaia2,9486.0,169.122,3.74741,0.0706014,,,3.44041,0.105965,2.413,0.337525,0.0592554,0.010641,DWARF,86.3468857,5.36611,217.766,3.341,0.0234729,0.00735679,469.0,0.00746616,,,0.00156967645,0.00768362,0.00702996,panstarrs,0.291955,0.383095,0.0834709,0.128459,0.0118405,0.00944157,0.0734656,0.0677373,4.99604,5.73618,3.291,3.391,bj2018,177.057,161.188,dered,6.89252,0.001393,6.83401,0.002007,1,,sirful,tycho2b3,,1.84847306785075,1.80650319108328,289.742175051799,40.3605044789631,0.054916188332109,0.0659081489182269,1,0,269988287
67,159220134,20190415,94998.0,3133-00237-1,668-074860,19195023+4333226,,J191950.21+433322.7,2102822898727875968,52427935,7816792,STAR,tmgaia2,289.959234323941,43.5562728761188,tmgaia2,-1.70376,0.0414301,4.41746,0.0444187,gaia2,2.64191,0.0239785,gaia2,75.2204014680666,13.5613503598703,305.185615825496,64.5765802079433,8.777,0.0,7.86,0.03,,,,,,,,,,,5.824,0.03,5.255,0.015,5.143,0.016,AAA-111-111-000-0-0,,5.1,0.206,5.014,0.084,5.104,0.015,5.039,0.027,7.51372,0.000225,6.8522,0.0068,rered,gaia2,4650.0,122.0,,,,,17.8044,,,,,,GIANT,,,374.452,3.3875,0.025604,0.00568789,,,,,,0.00741574,0.00396004,panstarrs,,,,,,,,,,,3.357,3.418,bj2018,,,dered,8.12821,0.001617,6.81319,0.001271,1,,hipvmag,apassdr9,,0.691794155512856,0.68885158619237,289.959224201609,43.5562918957389,0.0193924608687322,0.0223211614106756,0,0,271397844
68,122783509,20190415,95409.0,2666-00461-1,636-069480,19243063+3711162,,J192430.62+371115.8,2051765044774262656,,1572070,STAR,tmgaia2,291.127625109408,37.1877748124472,tmgaia2,-2.58418,0.0564897,-8.91508,0.0543382,gaia2,2.14402,0.0310543,gaia2,69.7501814756569,10.0000462961586,303.04843415024,58.2273277520659,7.968,0.027,7.86,0.03,,,,,,,,,,,6.831,0.021,6.4,0.027,6.237,0.021,AAA-111-111-000-0-0,,6.131,0.094,5.839,0.047,5.755,0.015,5.408,0.032,7.75772,0.00131,7.54492,0.0076,rered,gaia2,7601.0,127.0,,,,,7.0811,,,,,,GIANT,,,460.348,6.6325,0.0747197,0.0161896,,,,,,0.0179789,0.0144003,panstarrs,,,,,,,,,,,6.539,6.726,bj2018,,,dered,7.9128,0.003647,7.49136,0.006933,1,,hipvmag,tycho2b3,,0.924183572815989,0.842765620399261,291.127611143166,37.1877364280755,0.0262414069610078,0.0297007729620257,0,0,280723716
69,270860351,20190415,96449.0,3147-00954-1,669-075061,19363240+4342220,,J193632.43+434222.0,2078199335828818432,,7966681,STAR,tmgaia2,294.135082391593,43.7061122441767,tmgaia2,-1.14144,0.0856166,-4.22139,0.0881336,gaia2,3.7672,0.0547409,gaia2,76.7128986096779,10.9101739649243,311.815171673487,63.6832505368388,8.054,0.015,6.58003,0.023,,,,,,,,,,,4.331,0.312,3.527,0.212,3.181,0.358,DCD-333-111-000-0-0,,2.294,,2.845,0.291,3.093,0.014,3.006,0.02,6.06279,0.000856644,5.26665,0.0062,rered,spect,4135.0,49.9553,,,0.0827959,0.00829184,34.6454,,,,,,GIANT,,,263.52,3.831,0.0233253,0.0115481149,,,,,,0.00651773,0.0165785,panstarrs,,,,,,,,,,,,,bj2018,,,spect,6.86695,0.002373,5.22169,0.002593,1,,sirful,tycho2b3,,1.43039996442586,1.36719648073869,294.135075593173,43.7060940687476,0.0414061123478226,0.0554687870032944,0,0,310684890
70,377872490,20190415,96517.0,3135-00039-1,643-073543,19371759+3835392,,J193717.58+383539.2,2052171078106937728,,3455268,STAR,tmgaia2,294.323295338156,38.5942067252977,tmgaia2,0.598604,0.0487257,5.90012,0.0548987,gaia2,5.52539,0.0300914,gaia2,72.1893710841588,8.4063754147242,308.459237463692,58.8288951721554,7.204,0.025,6.93511,0.023,,,,,,,,,,,6.263,0.026,6.234,0.036,6.141,0.021,AAA-111-111-000-0-0,,6.114,0.1,6.016,0.034,6.143,0.015,6.053,0.041,6.85502,0.000521,6.63722,0.0063,rered,gaia2,7284.0,143.205,3.40133,0.084353,,,4.22981,0.148944,1.644,0.283709,0.0217239,0.00467139,DWARF,45.3750153,2.336455,180.048,0.983,0.0187943,0.0125980647,953.0,0.00677971961,,,0.000113340029,0.00770063,0.0174955,panstarrs,0.182717,0.3847,0.12832,0.169569,0.00490913,0.00443365,0.0963609,0.0723451,2.21768,2.45523,0.978,0.988,bj2018,143.043,143.367,dered,7.03157,0.002323,6.61008,0.002687,1,,sirful,tycho2b3,,0.800550120754083,0.851380647338716,294.323298635721,38.5942321285924,0.0234751441252782,0.0277019320963063,1,0,312875165
71,269029437,20190415,98345.0,3562-02368-2,687-074808,19585188+4721481,,J195851.85+472148.2,2085638116106993408,,10298067,STAR,tmgaia2,299.716217344491,47.3633937785606,tmgaia2,-5.53014,0.0676324,-18.8372,0.0721421,gaia2,2.57156,0.0396802,gaia2,81.8777606815957,9.24420018327357,323.649809248676,65.3618773389224,9.453,0.026,8.351,0.002,,,,,,,,,,,6.458,0.03,5.86,0.055,5.773,0.027,AAA-111-111-000-0-0,,4.805,,5.652,0.216,5.884,0.039,5.862,0.067,8.11805,0.000311,7.49807,0.0061,rered,gaia2,5029.0,122.0,,,,,12.1743,,,,,,GIANT,,,384.69,5.9185,0.0883353,0.01761155,,,,,,0.0222247,0.0129984,panstarrs,,,,,,,,,,,5.829,6.008,bj2018,,,dered,8.66612,0.001515,7.45533,0.001368,1,,tycho2v3,tycho2b3,,1.14512331714074,1.11885599667437,299.716182192116,47.3633126739548,0.031293482343671,0.0382334731314768,0,0,365662356
72,123359974,20190415,92156.0,3540-00597-1,682-063229,18465905+4618537,,J184659.06+461853.5,2119115290229197568,,9630812,STAR,tmgaia2,281.746128451477,46.3149217013239,tmgaia2,5.84491,0.0661324,-15.6057,0.0744076,gaia2,4.43827,0.0325598,gaia2,75.6426283027247,19.9797127141552,292.905494409064,68.8221283241333,6.565,0.024,6.51806,0.023,,,,,,,,,,,6.276,0.021,6.255,0.017,6.262,0.023,AAA-111-111-000-0-0,,6.253,0.088,6.175,0.027,6.282,0.014,6.225,0.051,6.48648,0.000473501,6.44711,0.0062,rered,spect,8831.0,163.807,3.47026,0.0743819,,,4.5413,0.147618,2.221,0.327327,0.0237141,0.00445942,DWARF,113.004372,5.3294,223.871,1.644,0.0144224,0.003667895,213.0,0.0008845249,,,0.00127061189,0.00282607,0.00450972,panstarrs,0.263718,0.390936,0.143281,0.151955,0.00405581,0.00486304,0.0743491,0.0744147,5.50128,5.15752,1.632,1.656,bj2018,218.298,109.317,spect,6.54234,0.002102,6.42379,0.001383,1,,sirful,tycho2b3,,1.11524228106497,1.15396322740391,281.746164886687,46.3148545101209,0.0283995392381398,0.0385899261932079,1,0,217150583
73,121326612,20190415,94211.0,3121-00169-1,645-066838,19104680+3854197,,J191046.81+385419.5,2099631394432060416,50451749,3838362,STAR,tmgaia2,287.695059515834,38.90546269288,tmgaia2,1.01032,0.0451454,-13.8918,0.0496082,gaia2,3.08491,0.0253293,gaia2,70.1453557349435,13.1789492941253,298.792965650488,60.5880176341427,9.023,0.0,8.28,0.03,,,,,,,,,,,6.37,0.02,5.858,0.021,5.736,0.02,AAA-111-111-000-0-0,,5.685,0.157,5.679,0.049,5.695,0.015,5.648,0.04,7.97018,0.000247,7.3398,0.0061,rered,gaia2,4787.0,122.0,,,,,11.4543,,,,,,GIANT,,,321.175,2.633,0.0270874,0.00558636,,,,,,0.00622479,0.00494793,panstarrs,,,,,,,,,,,2.612,2.654,bj2018,,,dered,8.54119,0.001638,7.29769,0.002211,1,,hipvmag,apassdr9,,0.742393922114158,0.769324269416004,287.695065105763,38.905402880963,0.0203075931280021,0.0247173299136191,0,0,252528520
74,121988737,20190415,94808.0,3121-00387-1,647-066586,19172932+3914407,,J191729.33+391440.7,2101003000830222336,,4149233,STAR,tmgaia2,289.372219412284,39.2446127040873,tmgaia2,11.4682,0.0496871,9.80957,0.0555379,gaia2,2.27443,0.0320056,gaia2,71.0208782857651,12.1394778327579,301.532523309314,60.5805410113986,9.512,0.025,8.25,0.03,,,,,,,,,,,6.034,0.03,5.421,0.027,5.259,0.024,AAA-111-111-000-0-0,,5.203,0.185,5.129,0.07,5.207,0.015,5.139,0.033,7.84789,0.000332,7.134,0.0061,rered,gaia2,4502.0,122.0,,,,,19.8815,,,,,,GIANT,,,434.267,6.083,0.0449039,0.01333205,,,,,,0.0107336,0.0159305,panstarrs,,,,,,,,,,,5.999,6.167,bj2018,,,dered,8.52532,0.001585,7.09152,0.001534,1,,hipvmag,tycho2b3,,0.817981151103562,0.861484968970082,289.372283169578,39.2446549397536,0.0238723864000441,0.0333951559193979,0,0,266584054
75,122138956,20190415,94977.0,3125-00267-1,652-069767,19193784+4016016,,J191937.84+401601.7,2101161742821561728,,5092997,STAR,tmgaia2,289.907666205713,40.2671623647012,tmgaia2,-1.08576,0.0404647,-2.83464,0.0471648,gaia2,1.68107,0.0261099,gaia2,72.1465647761939,12.2043218087401,302.931466267421,61.449798140741,8.873,0.016,7.32,0.03,,,,,,,,,,,4.122,0.22,3.503,0.186,3.185,0.252,DCD-333-111-000-0-0,,3.54,0.359,3.331,0.307,3.511,0.008,3.405,0.021,6.69588,0.000387,5.8349,0.0078,rered,gaia2,4036.0,122.0,,,,,65.4546,,,,,,GIANT,,,584.966,9.0045,0.0640357,0.01025964,,,,,,0.00530748,0.0152118,panstarrs,,,,,,,,,,,8.868,9.141,bj2018,,,dered,7.59917,0.002147,5.80093,0.002276,1,,hipvmag,tycho2b3,,0.668314806711358,0.731464021773473,289.907660079158,40.2671501600013,0.0197135362800641,0.024476098334177,0,0,271345880
76,274128781,20190415,97936.0,3149-00172-1,675-079028,19541471+4450504,,J195414.69+445050.2,2079112926916521472,,8710324,STAR,tmgaia2,298.561329607866,44.8473222307378,tmgaia2,-4.89779,0.0633658,-5.50413,0.0524845,gaia2,1.50782,0.0276384,gaia2,79.2680058074119,8.67345004698643,319.373305353158,63.473251932775,10.007,0.03,8.24,0.03,,,,,,,,,,,5.236,0.023,4.65,0.198,4.208,0.017,ACA-131-111-000-0-0,,4.138,0.317,3.989,0.177,4.183,0.015,4.074,0.023,7.54623,0.000379,6.637,0.0125,rered,gaia2,4059.0,122.0,,,,,53.9011,,,,,,GIANT,,,651.035,11.8085,0.151148,0.0221475,,,,,,0.0216292,0.0226658,panstarrs,,,,,,,,,,,11.598,12.019,bj2018,,,dered,8.50684,0.001758,6.61886,0.001805,1,,hipvmag,tycho2b,,1.06284207387322,0.813961451950714,298.561299864497,44.847298532404,0.026665002614252,0.0271133162237895,0,0,355486652
77,299217871,20190415,94814.0,3554-00100-1,707-062471,19173317+5120475,,J191733.18+512047.8,2133256109274840448,,12456737,STAR,tmgaia2,289.388295396417,51.3465149737661,tmgaia2,-18.5019,0.0485631,22.7797,0.0513924,gaia2,2.79683,0.0262129,gaia2,82.4641854467227,17.0309445665033,312.044091916881,71.9639105137557,9.053,0.018,7.49,0.03,,,,,,,,,,,4.099,0.292,3.309,0.208,2.894,0.302,DCD-333-111-000-0-0,,1.734,,2.718,0.539,2.779,0.01,2.677,0.017,6.61392,0.000974,5.5789,0.0063,rered,gaia2,3653.0,122.0,,,,,54.6123,,,,,,GIANT,,,353.926,3.3085,0.0268549,0.00435787,,,,,,0.00388776,0.00482798,panstarrs,,,,,,,,,,,3.278,3.339,bj2018,,,dered,7.87046,0.005539,5.53633,0.003348,1,,hipvmag,tycho2b3,,0.835455805832818,0.797099315349671,289.388167859068,51.3466130531,0.0215558194593197,0.0287074410924027,0,0,266690143
78,158433360,20190415,,3132-00837-1,668-073161,19094967+4333081,,J190949.67+433308.2,2105998150870718080,52414490,7810954,STAR,tmgaia2,287.456989717069,43.5523233027525,tmgaia2,-0.0963838,0.053198,-15.1502,0.0595097,gaia2,1.30245,0.0295944,gaia2,74.4572027227639,15.2172019601734,301.112292479509,65.1171176235434,10.359,0.032,8.799,0.006,,,,,,,,,,,5.904,0.021,5.061,0.036,4.904,0.017,AEA-111-111-000-0-0,,4.878,0.212,4.775,0.099,4.874,0.015,4.763,0.03,8.17808,0.000557,7.3023,0.0063,rered,gaia2,3974.0,122.0,,,,,42.5901,,,,,,GIANT,,,751.477,16.847,0.0246543,0.003807845,,,,,,0.00201467,0.00560102,panstarrs,,,,,,,,,,,16.476,17.218,bj2018,,,dered,9.11727,0.002032,7.25955,0.001671,1,,tycho2v3,tycho2b3,,0.888273078610596,0.92285611412171,287.456989144474,43.5522580727242,0.0246356723734603,0.0290000291672154,0,0,250821288
79,63368325,20190415,95943.0,3143-00339-1,666-076666,19304117+4302158,,J193041.19+430215.6,2125866188548442240,,7447756,STAR,tmgaia2,292.671588215201,43.037706642142,tmgaia2,-0.402962,0.0466767,-8.16671,0.0588067,gaia2,1.28409,0.0264164,gaia2,75.6148277659013,11.5570438437614,309.048593879642,63.4358689864527,9.47,,7.76,0.03,,,,,,,,,,,4.983,0.292,4.04,0.258,3.607,0.412,DDD-333-111-000-0-0,,3.495,0.414,3.324,0.285,3.446,0.019,3.351,0.02,6.99175,0.000677,6.05522,0.0062,rered,gaia2,3890.0,122.0,,,,,81.8108,,,,,,GIANT,,,761.982,15.461,0.0416592,0.00893937,,,,,,0.010754,0.00712474,panstarrs,,,,,,,,,,,15.153,15.769,bj2018,,,dered,8.03682,0.0031,6.01639,0.002445,1,,hipvmag,tycho2,,0.777989427526776,0.911888939694184,292.671585841464,43.0376714799181,0.0213425439075894,0.0264984862163781,0,0,294721095
80,138099760,20190415,96179.0,3143-01052-1,657-074150,19332176+4119469,,J193321.75+411946.6,2077577115326313472,51757337,6047321,STAR,tmgaia2,293.340697742381,41.3296959974836,tmgaia2,-1.25313,0.0478536,-18.8004,0.0503776,gaia2,2.59706,0.0291417,gaia2,74.2903380729086,10.343716712402,308.810891436604,61.6607451785501,9.028,0.0,8.16,0.03,,,,,,,,,,,6.625,0.023,6.275,0.026,6.152,0.018,AAA-111-111-000-0-0,,6.032,0.098,6.022,0.037,6.095,0.014,5.973,0.049,7.94305,0.000369,7.41306,0.0062,rered,gaia2,5277.0,122.0,,,,,10.7067,,,,,,GIANT,,,380.881,4.2605,0.0235222,0.00619368,,,,,,0.00606446,0.0063229,panstarrs,,,,,,,,,,,4.214,4.307,bj2018,,,dered,8.39485,0.0017,7.37069,0.002161,1,,hipvmag,apassdr9,,0.793044560816798,0.781343435022738,293.340690557319,41.329615051317,0.0221709377850658,0.0276851618252616,0,0,302032535
81,26413162,20190415,95524.0,3555-00686-1,705-064433,19254956+5051061,,J192549.57+505106.0,2136136967178617216,,12208512,STAR,tmgaia2,291.456526230167,50.8517383090299,tmgaia2,-0.153695,0.0485269,-25.2033,0.0673669,gaia2,2.06851,0.02564,gaia2,82.5225736539257,15.642287352514,315.040905055442,70.9519042266207,8.961,0.016,7.36,0.03,,,,,,,,,,,4.315,0.294,3.337,0.274,3.005,0.352,DDD-333-111-000-0-0,,2.058,,2.805,0.491,2.919,0.007,2.809,0.016,6.52957,0.000706,5.5644,0.0065,rered,gaia2,3795.0,122.0,,,,,67.4001,,,,,,GIANT,,,476.858,5.8755,0.0260222,0.00569744,,,,,,0.00579342,0.00560146,panstarrs,,,,,,,,,,,5.804,5.947,bj2018,,,dered,7.64068,0.003434,5.52501,0.002542,1,,hipvmag,tycho2b3,,0.833115453094134,1.04471027866432,291.456525181994,50.8516297948226,0.0216681380157472,0.0330632695990416,0,0,283369245
82,122516484,20190415,95245.0,3134-02254-1,638-068565,19224091+3734523,,J192240.89+373452.5,2051085757046109184,,2156801,STAR,tmgaia2,290.670441116365,37.5812225797165,tmgaia2,-14.3951,0.048132,9.63522,0.051952,gaia2,4.33926,0.0324828,gaia2,69.9439713580106,10.5004447066852,302.584000014373,58.7045759415002,7.709,0.018,6.58824,0.023,,,,,,,,,,,4.674,0.258,4.148,0.216,4.092,0.332,DCD-333-111-000-0-0,,4.035,0.378,3.783,0.242,4.015,0.015,3.963,0.022,6.29501,0.00039,5.6607,0.0061,rered,gaia2,4756.0,122.0,,,,,17.8734,,,,,,GIANT,,,228.947,1.716,0.0226209,0.007316945,,,,,,0.00627174,0.00836215,panstarrs,,,,,,,,,,,1.703,1.729,bj2018,,,dered,6.87261,0.001672,5.61922,0.001768,1,,sirful,tycho2b3,,0.788360707381687,0.805825920227356,290.670362908517,37.5812640647176,0.0222235808459082,0.0303016199940667,0,0,276529232
83,271043789,20190415,,3556-02199-1,677-071204,19373002+4513353,,J193730.04+451335.3,2079919315611727616,53723200,8960196,STAR,tmgaia2,294.375107605187,45.2264716984545,tmgaia2,-3.67239,0.0480328,-7.97902,0.0548171,gaia2,1.29906,0.0271712,gaia2,78.171007101537,11.45305565942,313.509074567152,65.0262862666054,9.455,0.024,8.307,0.002,,,,,,,,,,,6.193,0.02,5.624,0.02,5.483,0.02,AAA-111-111-000-0-0,,5.443,0.161,5.316,0.048,5.391,0.014,5.299,0.033,7.95252,0.001297,7.2646,0.0066,rered,spect,4548.58,24.51,,,-0.156,0.023,32.5679,,,,,,GIANT,,,753.416,15.548,0.0613207,,,,,,,,,panstarrs,,,,,,,,,,,,,bj2018,,,spect,8.59228,0.004271,7.22383,0.004295,1,,tycho2v3,tycho2b3,,0.806839331120361,0.850115432650564,294.375085155183,45.2264373443427,0.0229872044683687,0.0276686038526012,0,0,312792564
84,271346807,20190415,96693.0,3143-02178-1,665-078361,19392648+4249057,,J193926.51+424906.2,2077959092540451456,,7292420,STAR,tmgaia2,294.860368126127,42.818272702905,tmgaia2,20.1314,0.333986,30.4318,0.339577,gaia2,5.13057,0.178489,gaia2,76.1611070415344,10.0310892198554,312.185460972199,62.6637966406687,5.337,0.134967,5.415,0.096,,,,,,,,,,,5.365,0.027,5.455,0.02,5.44,0.021,AAA-111-111-000-0-0,,5.466,0.157,5.303,0.059,5.54,0.014,5.49,0.033,5.39627,0.00229004,5.4681,0.0074,rered,gaia2,11004.0,285.68,,,,,5.08867,0.213387,,,,,GIANT,,,194.251,6.8005,0.0230573,0.00689198,678.0,0.005642002,,,0.00101050327,0.005177,0.00860696,panstarrs,,,0.220031,0.206743,,,,,,,6.567,7.034,bj2018,260.34,311.019,dered,5.36391,0.001904,5.41885,0.00538,1,,mermil,mermil,,5.56269088901784,5.26598199065812,294.860486292873,42.8184037287716,0.157002768414919,0.163489596743689,0,0,318172452
85,272368236,20190415,97225.0,3148-00761-1,675-076846,19453796+4457493,,J194537.96+445749.4,2079735628451463296,,8766240,STAR,tmgaia2,296.408202572527,44.9637417388031,tmgaia2,-4.5834,0.0656981,-3.60663,0.0715357,gaia2,0.508728,0.0361663,gaia2,78.6165698323697,10.0612292391773,316.337598493991,64.2141410609159,7.357,0.024,7.5,0.03,,,,,,,,,,,7.776,0.026,7.888,0.027,7.918,0.02,AAA-111-111-000-0-0,,7.946,0.024,8.009,0.02,8.046,0.018,8.259,0.245,7.4507,0.000823,7.6356,0.0179,rered,gaia2,,,,,,,,,,,,,,,,1866.05,129.395,0.135004,0.0183218,,,,,,0.0201687,0.0164749,panstarrs,,,,,,,,,,,120.64,138.15,bj2018,,,,7.39436,0.001762,7.57974,0.001918,1,,hipvmag,tycho2b3,,1.10245934579222,1.10951004102677,296.408174681963,44.9637262102605,0.0290019044017754,0.0395937137436336,-1,0,335016470
86,27686813,20190415,97078.0,3569-00331-1,706-065825,19434310+5104006,,J194343.11+510400.4,2135406788381171328,55727934,12316020,STAR,tmgaia2,295.929605863653,51.0668335947724,tmgaia2,-4.87231,0.0580156,-5.91717,0.0507108,gaia2,1.6908,0.0265815,gaia2,83.9756938138708,13.1924651924048,322.731017021076,69.8003461867414,9.585,0.0,7.9,0.03,,,,,,,,,,,4.495,0.242,3.55,0.238,3.08,0.31,DDD-333-111-000-0-0,,2.187,,2.907,0.535,3.01,0.011,2.87,0.017,6.91655,0.00098,5.8613,0.0068,rered,gaia2,3630.0,122.0,,,,,81.1411,,,,,,GIANT,,,581.66,9.0635,0.040887,0.007385245,,,,,,0.00331759,0.0114529,panstarrs,,,,,,,,,,,8.925,9.202,bj2018,,,dered,8.21208,0.005242,5.82385,0.002577,1,,hipvmag,apassdr9,,0.996932762656155,0.786457658362805,295.92957248117,51.0668081180728,0.0267811734053711,0.0263115049882532,0,0,329737921
87,138296783,20190415,96256.0,3143-00520-1,658-076189,19341921+4125445,,J193419.21+412544.5,2077414353248711168,,6129225,STAR,tmgaia2,293.580049705997,41.4290421378175,tmgaia2,6.09755,0.0712766,-1.21371,0.08193,gaia2,4.38762,0.045552,gaia2,74.4636595267124,10.2295129537212,309.237629146164,61.694445505807,7.104,0.024,7.17042,0.023,,,,,,,,,,,7.169,0.034,7.268,0.018,7.297,0.017,AAA-111-111-000-0-0,,7.198,0.03,7.295,0.02,7.325,0.016,7.288,0.089,7.14279,0.000479,7.21441,0.0063,rered,gaia2,10973.0,359.15,4.04512,0.0723045,,,2.65863,0.0863945,2.86,0.385134,0.152193,0.0288874,DWARF,92.32318,9.30927,226.462,2.354,0.022092,0.01122528,686.0,0.00392434,,,0.00217885571,0.00781576,0.0146348,panstarrs,0.31878,0.451488,0.0956779,0.0771111,0.0226897,0.0350851,0.0593561,0.0852529,8.53354,10.085,2.33,2.378,bj2018,303.107,415.193,dered,7.14039,0.001355,7.19532,0.002414,1,,sirful,tycho2b3,,1.18160125126685,1.27090669397135,293.58008472092,41.4290369121269,0.0329048558642058,0.0501967883054612,1,0,304175911
88,239237342,20190415,,3149-00312-1,673-082296,19594752+4432205,,J195947.53+443221.0,2076143588378412416,52492438,8521828,STAR,tmgaia2,299.948029243611,44.5390758796215,tmgaia2,17.7212,0.0496309,37.0263,0.0510758,gaia2,3.02918,0.0274267,gaia2,79.5032844261009,7.66721395748014,321.048919256798,62.7710958075118,9.403,0.026,8.359,0.002,,,,,,,,,,,6.525,0.018,6.011,0.018,5.909,0.016,AAA-111-111-000-0-0,,5.881,0.114,5.82,0.044,5.862,0.015,5.795,0.041,8.061,0.000266,7.44487,0.006,rered,gaia2,4937.0,122.0,,,,,10.668,,,,,,GIANT,,,327.04,2.956,0.0539639,0.02044751,,,,,,0.00755642,0.0333386,panstarrs,,,,,,,,,,,2.93,2.982,bj2018,,,dered,8.61025,0.00115,7.40313,0.000992,1,,tycho2v3,tycho2b3,,0.831588731043383,0.792117739536125,299.948136289878,44.5392352984609,0.022519872421868,0.0264833154610744,0,0,367328015
89,63452716,20190415,95980.0,3556-01548-1,682-068626,19310109+4619544,,J193101.09+461954.5,2128261058011465088,,9651435,STAR,tmgaia2,292.754551170233,46.3317893962854,tmgaia2,4.46051,0.144409,2.85786,0.134989,gaia2,5.67276,0.0824894,gaia2,78.6664730344323,12.9578525831202,312.013622338836,66.4830404204739,7.127,0.024,7.15633,0.023,,,,,,,,,,,7.131,0.026,7.206,0.016,7.161,0.018,AAA-111-111-000-0-0,,7.146,0.038,7.219,0.019,7.249,0.017,7.163,0.082,7.1445,0.000529,7.20217,0.0064,rered,gaia2,10342.0,136.105,4.19707,0.0636572,,,2.15369,0.0596633,2.663,0.353222,0.266575,0.043096,DWARF,47.8058052,2.56247,175.452,2.5595,0.00823896,0.00196682,479.0,0.005898397,,,0.00329245743,0.00191553,0.00201811,panstarrs,0.242807,0.463638,0.0519271,0.0673995,0.0451211,0.0410708,0.0793529,0.0479616,2.51906,2.60588,2.523,2.596,bj2018,183.135,89.076,dered,7.14995,0.002316,7.18726,0.002728,1,,sirful,tycho2b3,,2.43565889817194,2.09358092242784,292.754578984132,46.3318017009639,0.070228765859558,0.0723763924462817,1,0,295757811
90,275493861,20190415,,3147-01242-1,668-077445,19324795+4325552,,J193247.94+432555.5,2126262042793757696,52447454,7756961,STAR,tmgaia2,293.199761789875,43.4320393964089,tmgaia2,-0.615592,0.0409456,9.80647,0.0433029,gaia2,2.00011,0.0223033,gaia2,76.1504323287994,11.3895729171684,310.166804214066,63.671603651845,9.261,0.018,7.71545,0.023,,,,,,,,,,,4.067,0.266,,,2.872,0.334,DXD-393-101-0c0-0-0,,2.006,,1.983,,2.878,0.012,2.755,0.02,6.71875,0.000843,5.6808,0.0087,rered,gaia2,3657.0,122.0,,,,,72.8816,,,,,,GIANT,,,492.923,5.461,0.0341659,0.01553697,,,,,,0.00717244,0.0239015,panstarrs,,,,,,,,,,,5.401,5.521,bj2018,,,dered,7.97992,0.004708,5.64249,0.00316,1,,sirful,tycho2b3,,0.68340334513775,0.671548844457745,293.199758140053,43.4320816187106,0.0189732854936996,0.0217988437085474,0,0,299992290
91,270787759,20190415,96357.0,3556-02227-1,678-073413,19352998+4526086,,J193529.97+452608.6,2127965946519825664,53720808,9094435,STAR,tmgaia2,293.874878433354,45.4357227009755,tmgaia2,5.32647,0.0396476,5.52448,0.0451113,gaia2,1.19449,0.0215299,gaia2,78.1985620420255,11.8613758625789,312.929664272802,65.3554516216685,9.714,0.0,8.17,0.03,,,,,,,,,,,5.101,0.024,4.464,0.186,4.09,0.017,ACA-131-111-000-0-0,,4.08,0.285,3.874,0.173,4.074,0.014,3.962,0.023,7.47224,0.000479,6.5687,0.0067,rered,gaia2,3961.0,122.0,,,,,67.1433,,,,,,GIANT,,,817.663,14.508,0.052267,0.00609289,,,,,,0.00966201,0.00252377,panstarrs,,,,,,,,,,,14.255,14.761,bj2018,,,dered,8.45284,0.002362,6.53219,0.002099,1,,hipvmag,apassdr9,,0.666477833609397,0.699614146087377,293.874911115582,45.4357464869359,0.0183522702324456,0.0233268731948207,0,0,307418071
92,273681135,20190415,97774.0,3561-02128-1,,19520719+4755545,,J195207.15+475554.3,2086465429887466368,,10683303,STAR,tmgaia2,298.029861287028,47.9317933353493,tmgaia2,-6.16706,0.135046,-9.13855,0.142994,gaia2,0.977525,0.0744094,gaia2,81.8067946325831,10.5125717188538,321.849410201322,66.3975479696065,5.722,0.021,5.90569,0.023,,,,,,,,,,,6.234,0.019,6.366,0.02,,,AAX-119-110-000-0-0,,6.466,0.08,6.425,0.026,6.536,0.016,6.492,0.056,5.87581,0.00112669,6.1004,0.0103,rered,gaia2,,,,,,,,,,,,,,,,1000.59,76.8265,0.0426958,0.00907948,,,,,,0.0083452,0.00981376,panstarrs,,,,,,,,,,,71.063,82.59,bj2018,,,,5.77748,0.002449,6.0532,0.004082,1,,sirful,tycho2b3,,2.29152162981648,2.21758696012479,298.029821657128,47.9317539888211,0.0613495343211764,0.0723321233374643,-1,0,350863500
93,27988816,20190415,,3561-00722-1,693-071537,19480966+4824009,,J194809.65+482400.4,2086732572553136896,54467153,10988024,STAR,tmgaia2,297.040248416275,48.4002061953303,tmgaia2,-3.9768,0.055781,-32.4812,0.074678,gaia2,1.66865,0.0323896,gaia2,81.9018630171463,11.3165250875903,320.922571211089,67.1195760142991,9.727,0.024,8.333,0.003,,,,,,,,,,,5.937,0.018,5.273,0.024,5.098,0.015,AAA-111-111-000-0-0,,5.03,0.207,4.97,0.078,5.058,0.014,4.985,0.029,7.89927,0.000461,7.1385,0.0074,rered,gaia2,4339.0,122.0,,,,,29.3367,,,,,,GIANT,,,589.38,11.342,0.0433755,0.008067825,,,,,,0.00616219,0.00997346,panstarrs,,,,,,,,,,,11.128,11.556,bj2018,,,dered,8.65033,0.002385,7.10181,0.002483,1,,tycho2v3,tycho2b3,,0.948278258044426,1.15810507169172,297.040222626658,48.4000663457209,0.0265043282195475,0.0371520120192596,0,0,340960628
94,26749509,20190415,95989.0,3560-00870-1,693-068277,19310557+4834558,,J193105.57+483455.6,2128924750717810560,,11031549,STAR,tmgaia2,292.773234661089,48.5821123526083,tmgaia2,0.20996,0.0961144,4.09478,0.0984108,gaia2,2.74123,0.0475019,gaia2,80.7577438792288,13.9206998676863,314.416299270919,68.5375995375488,7.115,0.023,7.22,0.03,,,,,,,,,,,7.296,0.019,7.42,0.02,7.452,0.017,AAA-111-111-000-0-0,,7.433,0.033,7.503,0.02,7.531,0.016,7.351,0.068,7.18876,0.000413,7.31333,0.0067,rered,,13364.0,187.0,,,,,,,,,,,,,,361.151,6.245,0.0234626,0.004578245,,,,,,0.00334232,0.00581417,panstarrs,,,,,,,,,,,6.139,6.351,bj2018,,,dered,7.15817,0.001814,7.29332,0.003935,1,,hipvmag,tycho2b3,,1.63500830422394,1.52607975107429,292.773236027577,48.5821299829112,0.0416463125251442,0.0466229734810114,-1,0,295749608
95,274130594,20190415,97906.0,3558-01872-1,678-077618,19534615+4528133,,J195346.15+452813.5,2079411684837733376,,9110718,STAR,tmgaia2,298.44230025007,45.4704106682153,tmgaia2,-1.44238,0.0485631,-1.13539,0.0505646,gaia2,1.55929,0.0279857,gaia2,79.7727293312493,9.05631896378605,319.807431923176,64.0719836689397,8.892,0.02,7.68,0.03,,,,,,,,,,,5.633,0.029,5.072,0.017,4.944,0.016,AAA-111-111-000-0-0,,4.874,0.192,4.761,0.09,4.894,0.014,4.842,0.028,7.32449,0.000232,6.6412,0.0223,rered,gaia2,4843.0,122.0,,,,,33.1823,,,,,,GIANT,,,629.923,11.1935,0.125907,0.03674765,,,,,,0.03084,0.0426553,panstarrs,,,,,,,,,,,10.998,11.389,bj2018,,,dered,7.9567,0.001796,6.6114,0.001994,1,,hipvmag,tycho2b3,,0.816452549224489,0.78421594603408,298.44229139445,45.4704057797309,0.0225310857138008,0.0269916609796005,0,0,354609479
96,268385933,20190415,98071.0,3562-01915-1,686-074512,19555407+4705242,,J195554.08+470524.1,2085660209419178496,,10096499,STAR,tmgaia2,298.975289747735,47.0900704867736,tmgaia2,20.3926,0.300102,-12.0621,0.294049,gaia2,5.27766,0.171647,gaia2,81.3822177612228,9.54228349749768,322.27650599347,65.3555313121195,7.02,0.001,6.88,0.001,,,,,,,,,,,6.526,0.041,6.432,0.038,6.428,0.016,AAA-111-111-000-0-0,,6.383,0.079,6.33,0.026,6.435,0.014,6.383,0.049,6.84032,0.00029,6.73804,0.0063,rered,spect,7960.0,132.846,3.54357,0.0833049,-0.6,0.15,3.87454,0.187558,1.914,0.295727,0.0329064,0.00695586,DWARF,54.2985229,4.696745,188.814,6.177,0.0298232,0.0184685,733.0,0.008501006,,,0.0001438057,0.0123336,0.0246034,panstarrs,0.20928,0.382175,0.200975,0.17414,0.00672251,0.00718921,0.087247,0.0793628,3.54185,5.85164,5.978,6.376,bj2018,109.485,156.206,spect,6.94153,0.001918,6.71615,0.002448,1,,mermil,mermil,,5.07618959140563,4.56062945224009,298.975418706765,47.0900185528039,0.148636806717802,0.161769406253126,1,0,358936451
97,26597283,20190415,95907.0,3560-02162-1,694-066858,19301733+4839235,,J193017.35+483923.6,2129676443013218304,54446087,11085556,STAR,tmgaia2,292.572248385106,48.6565440273223,tmgaia2,15.6316,0.061124,7.27585,0.0757982,gaia2,2.46591,0.0331992,gaia2,80.7684742308259,14.0726354509201,314.171601388363,68.6609715646637,10.016,0.033,8.8,0.03,,,,,,,,,,,6.692,0.021,6.11,0.016,5.992,0.017,AAA-111-111-000-0-0,,5.96,0.108,5.924,0.036,5.947,0.016,5.875,0.034,8.43909,0.000335,7.7616,0.0065,rered,gaia2,4564.0,122.0,,,,,12.9684,,,,,,GIANT,,,400.926,5.378,0.0163217,0.00422736,,,,,,0.0039955,0.00445922,panstarrs,,,,,,,,,,,5.307,5.449,bj2018,,,dered,9.07207,0.001622,7.71732,0.001339,1,,hipvmag,tycho2b3,,1.04009013307132,1.17546834348449,292.57235027074,48.6565753539439,0.0265180551355244,0.0374349459163278,0,0,293646980
98,416265665,20190415,94880.0,3550-00453-1,702-064404,19183010+5013393,,J191830.12+501339.3,2133045380999412608,,11910615,STAR,tmgaia2,289.625503550989,50.227616167812,tmgaia2,-6.19062,0.0436056,-3.96387,0.042768,gaia2,1.66305,0.02259,gaia2,81.4456949076528,16.4624090506113,311.006359984408,70.8844527790334,9.082,0.017,7.51,0.03,,,,,,,,,,,4.923,0.216,4.026,0.19,3.817,0.206,CCC-333-111-000-0-0,,3.62,0.387,3.448,0.147,3.573,0.014,3.482,0.021,6.86271,0.000388,5.9917,0.0067,rered,gaia2,3983.0,122.0,,,,,61.4845,,,,,,GIANT,,,591.134,7.9545,0.0315989,0.0059929,,,,,,0.00414168,0.00784412,panstarrs,,,,,,,,,,,7.849,8.06,bj2018,,,dered,7.79212,0.001644,5.95109,0.001877,1,,hipvmag,tycho2b3,,0.746735390521529,0.663282828356772,289.625461887052,50.2275991011568,0.0205926908534013,0.0224142181875525,0,0,269229329
99,158324062,20190415,93946.0,3546-00315-1,686-066444,19074378+4702087,,J190743.79+470208.9,2130641367544915584,,10064283,STAR,tmgaia2,286.932459994311,47.0357985669834,tmgaia2,7.94884,0.0668007,3.4277,0.0468539,gaia2,2.43404,0.0288291,gaia2,77.6579084427725,16.8937151372884,302.875953765466,68.551027906159,8.963,0.019,7.68,0.03,,,,,,,,,,,5.353,0.023,4.692,0.036,4.554,0.021,AEA-111-111-000-0-0,,4.533,0.263,4.355,0.139,4.519,0.015,4.435,0.027,7.24914,0.000343,6.5191,0.0069,rered,gaia2,4408.0,122.0,,,,,25.4621,,,,,,GIANT,,,406.086,4.7905,0.0263493,0.00616319,,,,,,0.00894814,0.00337824,panstarrs,,,,,,,,,,,4.735,4.846,bj2018,,,dered,7.95823,0.002346,6.47995,0.001986,1,,hipvmag,tycho2b3,,1.12961551930328,0.726770138156721,286.932510210158,47.0358133251473,0.0303372299229139,0.0278730134653093,0,0,246471642
100,290034749,20190415,95254.0,3551-00173-1,695-066090,19224843+4853069,,J192248.46+485306.8,2129553606948677120,54438546,11188366,STAR,tmgaia2,290.701892616552,48.8852757428124,tmgaia2,11.5262,0.0510832,-9.08729,0.0513979,gaia2,1.64001,0.024969,gaia2,80.4530427337424,15.2886428099511,311.292144811987,69.3745227776902,9.613,0.023,8.3,0.03,,,,,,,,,,,5.988,0.02,5.271,0.024,5.134,0.021,AAA-111-111-000-0-0,,5.06,0.2,4.991,0.083,5.091,0.015,5.033,0.027,7.85902,0.000356,7.119,0.0063,rered,gaia2,4376.0,122.0,,,,,29.0394,,,,,,GIANT,,,599.332,9.0385,0.0272542,0.00383253,,,,,,0.00478081,0.00288425,panstarrs,,,,,,,,,,,8.904,9.173,bj2018,,,dered,8.57918,0.001443,7.077,0.001338,1,,hipvmag,tycho2b3,,0.870024115991383,0.797043206822409,290.701968086509,48.8852366170048,0.0222721726415863,0.0244713639228927,0,0,277356649
101,120355394,20190415,93210.0,3119-02447-1,647-063726,18591229+3913022,,J185912.29+391302.3,2100218568000743680,,4136285,STAR,tmgaia2,284.801216369906,39.2173218003012,tmgaia2,-0.678988,0.0782362,-0.480703,0.0867254,gaia2,3.3205,0.0427029,gaia2,69.5140307341826,15.3633122521613,294.428879341393,61.407252285746,,,6.4122,0.0459,,,,,,,,,,,6.748,0.02,6.851,0.021,6.925,9.995,AAF-111-111-000-0-0,,6.873,0.055,6.929,0.02,6.984,0.016,6.502,0.048,6.38688,0.00124407,6.58271,0.0068,rered,,,,,,,,,,,,,,,,,298.633,3.838,0.048986,0.00966525,,,,,,0.0112146,0.0081159,panstarrs,,,,,,,,,,,3.79,3.886,bj2018,,,,6.31779,0.002935,6.54986,0.00293,1,,gaia2,,,1.28779460887241,1.34491279619782,284.80121259655,39.2173197306078,0.0350756220390943,0.0424182082005369,-1,0,232357303
